COD.PROD;PRODUCTO;TOTAL;;0
77318;jugo ades manzana t.b.            x200cc;39668;0,0282153935029895;0,0282153935029895
50148;ESPIRAL X-5                         X4UN;36648;0,0260673021351609;0,0542826956381504
77625;jugo ades manzana t.b.              x1lt;33944;0,0241439779435685;0,0784266735817189
77076;JUGO INCA BC NARANJA SOBRE-        X30GR;28659;0,0203848180498683;0,0988114916315873
77667;VINO TERMIDOR TINTO TETRA BRICK     X1LT;26301;0,0187075996904842;0,117519091322072
20008;JABON POLVO ZORRO REGULAR BIOCR.- X400GR;25949;0,0184572261270817;0,135976317449153
17150;TOALLA LADYSOFT NOR/SUA.C/ALAS-9608-X8UN;24872;0,0176911683776938;0,153667485826847
9221;ARROZ 53 BLUE BONET -73258-       X500GR;23575;0,0167686271511793;0,170436112978026
33001;AZUCAR SURCO                        X1KG;22057;0,0156888911590058;0,186125004137032
17627;PAPEL HIG.CAMPANITA CLASSIC 30MT-   X1UN;21840;0,0155345415474763;0,201659545684508
24020;HARINA BONANZA -                    X1KG;19423;0,013815357164681;0,215474902849189
18195;VELAS FAROLITO -297-               X68GR;15419;0,010967357880977;0,226442260730166
25267;MAYONESA HELLMANNS        -5968-  X118GR;13737;0,00977097056949096;0,236213231299657
4137;YERBA LA TRANQUERA SAQUITOS -576-  X25UN;13244;0,00942030532302091;0,245633536622678
6385;PICADILLO LA BLANCA DE CARNE       X90GR;12383;0,00880788589663002;0,254441422519308
25201;MAYONESA FANACOA SACHET-944802-   X118GR;12313;0,00875809569936246;0,263199518218671
1654;GALLETA LIA MEDIA TARDE  -3363-   X330GR;11931;0,00848638347998811;0,271685901698659
4054;TE LA VIRGINIA SAQ.PAPEL FILT.RAP. X25UN;11747;0,00835550639002768;0,280041408088686
17879;PAPEL HIG.FIRULETE                  X1UN;11718;0,00833487902258827;0,288376287111275
41003;SHAMPOO SEDAL CERAMIDAS -931641-   X10ML;11161;0,00793869131004503;0,29631497842132
20471;JABON POLVO ALA REG.MULTIACC.-0125-X400G;10457;0,00743794418323993;0,30375292260456
41011;SHAMPOO SEDAL CREMA -932112-       X10ML;10344;0,00735756857907946;0,311110491183639
9190;FIDEO LA PROVIDENCIA SPAGUETTI    X500GR;10336;0,00735187827082031;0,318462369454459
21052;SAL MANTO BLANCO FINA             X500GR;9845;0,00700263560141505;0,325465005055874
92235;MEDALLON DE CARNE FRIAR -         X114GR;9520;0,00677146682838712;0,332236471884262
24007;HARINA LA TERESINA                 -X1KG;9391;0,00667971060770835;0,33891618249197
92232;SALCHICHA VIENA 66        -140-     X6UN;9096;0,00646988049065224;0,345386062982622
11420;PURE TOMATE ALCO                  X260GR;8582;0,00610427818500192;0,351490341167624
20478;JABON POLVO ALA REG.C/VIV.MULTIAC.X400GR;7833;0,00557152307423911;0,357061864241863
17579;ROLLO COCINA SOL MAYOR -            X3UN;7775;0,00553026833936028;0,362592132581223
13286;LAVANDINA TRADIC.X-5 BOTELLA -9029- X1LT;7017;0,00499111163180593;0,367583244213029
20118;JABON POLVO ALA REG.SOL MULTIACC. X400GR;6907;0,00491286989324263;0,372496114106272
78030;JUGO INCA BC MULTIFRUTAS SOBRE -   X30GR;6766;0,00481257821017513;0,377308692316447
25127;mostaza savora-207529-aniv.sachet  x60gr;6707;0,00477061218676391;0,382079304503211
17174;PAÐAL BABYSAN GRANDE -3382-         X9UN;6619;0,00470801879591327;0,386787323299124
6090;PICADILLO SWIFT DE CARNE -         X90GR;6269;0,00445906780957551;0,3912463911087
17097;PAÐAL BABYSAN EX-GRANDE-3383-       X8UN;6218;0,00442279209442344;0,395669183203123
7379;VINO MICHEL TORINO SELECCION TTO -X700CC;6168;0,00438722766780376;0,400056410870927
77602;JUGO ADES T.B.PROMOCION-          X200CC;5972;0,00424781511545461;0,404304225986382
13287;LAVANDINA TRADIC.X-5 SACHET -9030-X250CC;5960;0,00423927965306589;0,408543505639447
78027;JUGO INCA BC NARANJA-BANANA SOBRE- X30GR;5690;0,00404723174931962;0,412590737388767
1697;VAINILLA MAURI         -DH600-     X80GR;5659;0,00402518180481541;0,416615919193582
41082;ACOND.SEDAL SOS CERAMIDA-228875-   X10ML;5593;0,00397823676167744;0,42059415595526
21313;SAL CELUSAL FINA PAQUETE          X500GR;5518;0,00392489012174792;0,424519046077008
78025;JUGO INCA BC ANANA SOBRE-          X30GR;5428;0,00386087415383249;0,42837992023084
11044;PURE TOMATE MORA                  X520GR;5405;0,00384451451758744;0,432224434748428
78029;JUGO INCA BC ANANA-BANANA SOBRE-   X30GR;5400;0,00384095807492547;0,436065392823353
17448;PAPEL HIG.HIGIENOL RINDE 50M NVA IMA.X4U;5391;0,00383455647813393;0,439899949301487
41113;ACOND.SEDAL SOS BALANCE-228893-    X10ML;5352;0,00380681622537058;0,443706765526858
25197;MAYONESA HELLMANNS DOY PACK-953266-X250C;5212;0,00370723583083547;0,447414001357693
1175;GALLETA PINDY CRACKERS            X330GR;5148;0,00366171336476228;0,451075714722456
11411;PURE TOMATE ALCO TETRA BRICK      X520GR;4865;0,00346041871009489;0,45453613343255
13523;DETERGENTE BORA SACHET   -8002-   X135CC;4792;0,00340849464723016;0,457944628079781
4018;YERBA COMPUESTA CBSE              X250GR;4670;0,00332171744627814;0,461266345526059
7602;SODA MANAOS SIFON -                 X2LT;4655;0,00331104811829223;0,464577393644351
32051;LECHE LV MILKAUT-2134-ENT.VIT.A,DYC X1LT;4610;0,00327904013433452;0,467856433778685
17162;PAÐAL BABYSAN EXXGDE-3488-          X8UN;4596;0,00326908209488101;0,471125515873566
78033;JUGO INCA BC DURAZNO SOBRE          X30G;4395;0,0031261130998699;0,474251628973436
17031;PAPEL HIG.ROLISU 30MT         -0054-X1UN;4368;0,00310690830949527;0,477358537282932
90074;LECHE RAMOLAC ENTERA SACHET         X1LT;4226;0,00300590533789538;0,480364442620827
4180;YERBA COMPUESTA CBSE -3201-       X500GR;4108;0,00292197329107293;0,4832864159119
50064;INSECTICIDA X-5 MMM DOBLE ACC.AER.X360CC;4046;0,00287787340206453;0,486164289313964
92910;MEDALLON CARNE SWIFT CLASICA-21526- X2UN;3923;0,00279038491258011;0,488954674226544
50147;ESPIRAL X-5 -266-                 X12 UN;3871;0,00275339790889565;0,49170807213544
24004;HARINA LEUDANTE BLANCAFLOR          X1KG;3859;0,00274486244650692;0,494452934581947
7552;JUGO INCA LIGHT NARANJA SOB-100901-X10GR;3825;0,00272067863640554;0,497173613218353
29035;CALDO KNORR GALLINA REC. COLEC.    X12UN;3810;0,00271000930841964;0,499883622526772
37052;MAQ.AF.MINORA TWIN CARTEL-59793-    X1UN;3756;0,00267159972767038;0,502555222254443
78031;JUGO INCA BC PERA SOBRE -          X30GR;3620;0,00257486448726485;0,505130086741707
41832;ACOND.SEDAL REC.ESTRUC.-961669-    X10ML;3600;0,00256063871661698;0,507690725458324
92006;SALCHICHA VIENA CARCARAÐA -         X6UN;3585;0,00254996938863108;0,510240694846955
19008;ALCOHOL FRAU PURO PVC             X250CC;3582;0,00254783552303389;0,512788530369989
77665;VINO TERMIDOR BLANCO TETRA BRICK    X1LT;3519;0,0025030243454931;0,515291554715482
90948;YOGUR MANFREY YOFREY ENT.FRUTILLA X120GR;3516;0,00250089047989592;0,517792445195378
90217;YOGUR RAMOLAC ENT.PO.FRUTILLA     X125GR;3514;0,00249946790283113;0,52029191309821
21282;BICARBONATO LA CAMPIÐA             X20GR;3498;0,00248808728631283;0,522780000384522
77623;jugo ades naranja t.b. -135994-     x1lt;3491;0,00248310826658608;0,525263108651108
18271;FOSFOROS FAMILIAR                 X220UN;3461;0,00246176961061427;0,527724878261723
20441;JABON PAN ALA (ESPUMA)            X200GR;3457;0,00245892445648469;0,530183802718207
34024;GRASA DE VACA SWIFT               X500GR;3455;0,00245750187941991;0,532641304597627
29007;CALDO KNORR VERDURA REC.COLEC.     X12UN;3421;0,00243331806931852;0,535074622666946
78028;JUGO INCA BC NARANJA-MANGO SOBRE-  X30GR;3407;0,00242336002986501;0,537497982696811
23113;ACEITE COCINERO GIRASOL -7.77-    X1.5LT;3277;0,00233089252065385;0,539828875217465
77905;VINO TERMIDOR TINTO TB PROMO-       X1LT;3266;0,00232306834679752;0,542151943564262
21035;PIMENTON VILLA RICA -              X25GR;3260;0,00231880061560315;0,544470744179865
90291;MANTECA COTAMPO PAN ALUM.-        X100GR;3256;0,00231595546147358;0,546786699641339
4035;YERBA AMANDA                      X500GR;3203;0,00227825716925672;0,549064956810596
38055;ACEITUNA VERDE LA RIOJANITA P.PACK X130G;3126;0,00222348795226241;0,551288444762858
1309;GALLETA LIA POLVORITA FRUTILL.-2881-X80G;3119;0,00221850893253566;0,553506953695394
77368;jugo ades naranja t.b.            x200cc;3073;0,00218578966004555;0,555692743355439
11372;PURE TOMATE NOEL TETRA BRICK-019- X520GR;3002;0,0021352881742456;0,557828031529685
18311;VELAS VICTORIA -128-               X68GR;3001;0,00213457688571321;0,559962608415398
3014;POLENTA JOSE LOPEZ                X500GR;2994;0,00212959786598645;0,562092206281384
3084;POLENTA LA ESPAÐOLA               X500GR;2994;0,00212959786598645;0,564221804147371
17595;PAPEL HIG.HIGIENOL SIN FIN -60MT-   X6UN;2987;0,0021246188462597;0,566346422993631
20998;JABON POLVO ALA REGULAR PROMO.  1X400 GR;2975;0,00211608338387098;0,568462506377502
4111;YERBA CACHAMATE ROSA              X500GR;2958;0,00210399147882029;0,570566497856322
18016;FOSFOROS FRAGATA                   X40UN;2941;0,00209189957376959;0,572658397430091
7622;JUGO BAGGIO JUNIOR DURAZNO        X125ML;2888;0,00205420128155273;0,574712598711644
92342;SALCHICHA VIENA DON OTTO            X6UN;2883;0,00205064483889076;0,576763243550535
32052;LECHE LV MILKAUT-2132-DES.VIT.A,DYC X1LT;2852;0,00202859489438656;0,578791838444921
1308;GALLETA LIA POLVORITA CHOCOL.-2884-X80GR;2846;0,0020243271631922;0,580816165608114
13190;LAVANDINA AYUDIN MAXIMA PUREZA-     X1LT;2829;0,00201223525814151;0,582828400866255
9651;ARROZ SUSARELLI LARGO FINO-93244- X500GR;2814;0,00200156593015561;0,584829966796411
23117;ACEITE LEGITIMO GIRASOL PVC-4.24- X900CC;2806;0,00199587562189646;0,586825842418307
9209;ARROZ PELEADOR BLUE BONET           X1KG;2766;0,00196742408060071;0,588793266498908
1310;GALLETA LIA POLVORITA VAINIL-2880- X80GR;2762;0,00196457892647114;0,590757845425379
23097;aceite cocinero girasol -4.57-    x900cc;2745;0,00195248702142045;0,592710332446799
90950;YOGUR MANFREY YOFREY ENT.VAINILLA X120GR;2702;0,00192190161452752;0,594632234061327
20009;JABON PAN GIGANTE LIMP.CLASICA-   X200GR;2701;0,00192119032599513;0,596553424387322
17028;PAPEL HIG.CAMPANITA CLASSIC -30MT-  X4UN;2689;0,00191265486360641;0,598466079250929
29076;SOPA KNORR CASERA POLLO C/CAB.ANG.   XUN;2686;0,00191052099800922;0,600376600248938
17437;PAPEL HIG.HIGIENOL EXPORT 30M-1465- X6UN;2660;0,00189202749616699;0,602268627745105
9245;FIDEO LA PROVIDENCIA MOÐO -       X500GR;2647;0,00188278074524587;0,604151408490351
77666;VINO TERMIDOR ROSADO TETRA BRICK    X1LT;2627;0,001868554974598;0,606019963464949
9226;FIDEO LA PROVIDENCIA CODO -       X500GR;2584;0,00183796956770508;0,607857933032654
20119;JABON POLVO DRIVE REG.BRISA TARDE X400GR;2563;0,00182303250852481;0,609680965541179
3050;POLENTA PRESTOPRONTA-6600-        X500GR;2547;0,00181165189200651;0,611492617433185
20228;JABON TOC.KENIA VARIEDAD-1266-    3X90GR;2538;0,00180525029521497;0,6132978677284
7519;JUGO BAGGIO DURAZNO T.B-          X200CC;2502;0,0017796439080488;0,615077511636449
31830;CREMA DENTAL COLGATE -143-         X70GR;2498;0,00177679875391923;0,616854310390368
23114;VINAGRE FRAU ALCOHOL PVC          X950CC;2478;0,00176257298327135;0,618616883373639
9235;FIDEO LA PROVIDENCIA TIRABUZON -  X500GR;2458;0,00174834721262348;0,620365230586263
41096;SHAMPOO SEDAL SACHET PROMO -       X10ML;2448;0,00174123432729955;0,622106464913562
36015;QUESO RALLADO LA BABILONIA -       X40GR;2420;0,00172131824839253;0,623827783161955
20480;JABON POLVO ALA MATIC MULTIAC.    X400GR;2411;0,00171491665160098;0,625542699813556
92028;HAMBURGUESA PATY FINAS -2014-       X2UN;2381;0,00169357799562917;0,627236277809185
4043;YERBA BROCHE DE ORO               X500GR;2343;0,00166654903139822;0,628902826840583
91048;QUESO CREMOSO LA UNION               XKG;2334;0,0016601260959507;0,630562952936534
41561;ACOND.SEDAL PROMO -               X10ML;2304;0,00163880877863487;0,632201761715169
24014;HARINA FAVORITA 0000-11812-         X1KG;2289;0,00162813945064896;0,633829901165818
90155;YOGUR RAMOLAC ENT.PO.VAINILLA-    X140GR;2277;0,00161960398826024;0,635449505154078
77649;JUGO ENERGIZANTE SPEED-UNLIMITED  X250CC;2256;0,00160466692907997;0,637054172083158
50007;INSECTICIDA RAID MMM -293-        X420CC;2238;0,00159186373549689;0,638646035818655
20481;JABON POLVO ALA MATIC SOL MULTIAC.X400GR;2233;0,00158830729283492;0,64023434311149
10122;DURAZNO MORA MITADES              X820GR;2193;0,00155985575153918;0,641794198863029
92316;SALCHICHA VIENA PANCHIN             X6UN;2179;0,00154989771208567;0,643344096575115
17509;PAÐAL BABYSEC CLASICO TANGA XGDE -  X8UN;2173;0,0015456299808913;0,644889726556006
17506;PAÐAL BABYSEC CLASICO TANGA GDE -   X9UN;2160;0,00153638322997019;0,646426109785976
29138;SOPA KNORR CASERA VER.C/ARROZ-5025- X1UN;2155;0,00153282678730822;0,647958936573284
78026;JUGO INCA BC FRUTOS ROJOS SOBRE-   X30GR;2142;0,0015235800363871;0,649482516609671
6372;CABALLA ACEITE PENNISI            X380GR;2139;0,00152144617078992;0,651003962780461
90457;YOGUR RAMOLAC C/CER.ENTERO        X140GR;2131;0,00151575586253077;0,652519718642992
20281;JABON POLVO ACE NAT.C/SUAV.REG.-  X400GR;2126;0,00151219941986881;0,654031918062861
11440;TOMATE TRITURADO LA RIOJANITA D.P X500GR;2118;0,00150650911160966;0,655538427174471
1698;GALLETA MAURI FAUNA       -DS621- X150GR;2115;0,00150437524601248;0,657042802420483
17689;ROLLO COCINA SUSSEX EXTRA 50 PAÐOS  X3UN;2066;0,00146952210792519;0,658512324528408
4142;YERBA CACHAMATE COMPUESTA-269-   X500GR;2064;0,0014680995308604;0,659980424059269
7486;JUGO INCA BC NAR/DURAZNO SOBRE-    X30GR;2050;0,00145814149140689;0,661438565550675
90375;YOGUR RAMOLAC C/CER.FRUTILLA ENT. X140GR;2046;0,00145529633727732;0,662893861887953
90001;MANTECA RAMOLAC PAN ALUM.         X100GR;2045;0,00145458504874492;0,664348446936698
29177;CALDO WILDE GALLINA      -8205-    X12UN;2032;0,00144533829782381;0,665793785234522
5009;CACAO ZUCOA VITAMINAS -93215-     X180GR;2023;0,00143893670103226;0,667232721935554
20831;JABON POLVO ACE TRAD.REG.         X400GR;2008;0,00142826737304636;0,6686609893086
20170;JABON POLVO DRIVE REG.FRESC.MAR   X400GR;2005;0,00142613350744918;0,670087122816049
78100;JUGO BAGGIO JUNIOR MULTIFRUTA-    X125CC;1963;0,00139625938908865;0,671483382205138
17222;ALGODON ESTRELLA PREMIUM -10178-   X75GR;1957;0,00139199165789429;0,672875373863032
7782;JUGO BAGGIO MULTIFRUTA T.B.-12611-X200CC;1945;0,00138345619550556;0,674258830058538
9761;FIDEO LUCCHETTI SPAGHETTI-30896-  X500GR;1924;0,0013685191363253;0,675627349194863
13621;SUAVIZANTE BORITA DOY PACK -1007- X900CC;1922;0,00136709655926051;0,676994445754124
29217;CALDO WILDE GALLINA      -8208-     X2UN;1920;0,00136567398219572;0,678360119736319
7823;GASEOSA PEPSI COLA -61-             X2LT;1916;0,00136282882806615;0,679722948564385
9309;ARROZ PELEADOR BLUE BONET-        X500GR;1913;0,00136069496246897;0,681083643526854
11045;ARVEJA VALLE DE ORO(INCA)         X350GR;1888;0,00134291274915913;0,682426556276013
7699;JUGO INCA LIGHT MULTIFR.SOB-100910-X10GR;1882;0,00133864501796477;0,683765201293978
77041;JUGO YAP NARANJA SOBRE -           X35GR;1874;0,00133295470970562;0,685098156003684
41037;SHAMPOO SEDAL REC.ESTR.-932111-    X10ML;1848;0,00131446120786338;0,686412617211547
11140;PURE TOMATE CANALE T/BRIK -       X260GR;1813;0,00128956610922961;0,687702183320777
7540;JUGO INCA BC MANDARINA SOBRE-      X30GR;1774;0,00126182585646626;0,688964009177243
90546;YOGUR MANFREY-60305-BEB.FRUTILLA    X1KG;1772;0,00126040327940147;0,690224412456645
29104;SOPA KNORR CREMA POLLO-236445-       XUN;1746;0,00124190977755924;0,691466322234204
29091;SOPA KNORR CASERA VEG.C/LETRA-97536- XUN;1745;0,00124119848902684;0,692707520723231
20110;JABON PAN GIGANTE SUAVE TERNURA-  X200GR;1744;0,00124048720049445;0,693948007923725
1192;GALLETA BAGLEY SURTIDO -6803-     X400GR;1742;0,00123906462342966;0,695187072547155
4045;YERBA BROCHE DE ORO               X250GR;1741;0,00123835333489727;0,696425425882052
3390;PAN RALLADO PREFERIDO-2835-       X500GR;1737;0,00123550818076769;0,69766093406282
7332;JUGO INCA LIGHT ANANA SOBRE-100902-X10GR;1730;0,00123052916104094;0,698891463223861
20089;JABON PAN ARGENTINO BLANCO  -311- X200GR;1708;0,00121488081332828;0,700106344037189
25020;KETCHUP HELLMANNS -192305-SACHET   X60GR;1687;0,00119994375414801;0,701306287791337
9222;ARROZ 53 BLUE BONET -73257-         X1KG;1681;0,00119567602295365;0,702501963814291
4171;YERBA TARAGUI SAQUITO    -100072-  X25UN;1677;0,00119283086882408;0,703694794683115
1085;GALLETA BAGLEY SALVADO -9995-     X642GR;1676;0,00119211958029168;0,704886914263406
91150;QUESO CREMOSO WINDY  -            XKG;1660;0,00118100214053037;0,706067916403937
7525;JUGO INCA BC SOBRE -PROMO-         X30GR;1650;0,00117362607844945;0,707241542482386
7374;JUGO BAGGIO DURAZNO T.BRIK -        X1LT;1648;0,00117220350138466;0,708413745983771
24002;HARINA FAVORITA 000-12415-          X1KG;1643;0,00116864705872269;0,709582393042493
3088;BURGOL JOSE LOPEZ FINO            X500GR;1634;0,00116224546193115;0,710744638504425
29072;SOPA KNORR CREMA CHOCLO -            XUN;1611;0,0011458858256861;0,711890524330111
1327;GALLETA BAGLEY TRAVIATA -8722-    X303GR;1594;0,00113379392063541;0,713024318250746
21001;SAL DOS ESTRELLAS FINA            X500GR;1589;0,00113023747797344;0,71415455572872
11017;ARVEJA INCA                       X350GR;1571;0,00111743428439035;0,71527199001311
77292;VINO FRIZZE EVOLUTION BLUE -14270-X750CC;1549;0,00110178593667769;0,716373775949788
13135;LIMP.LIQ.POETT LAVANDA    -2615-  X900CC;1544;0,00109822949401573;0,717472005443803
13206;DETERGENTE ALA LIMON -            X750CC;1534;0,00109111660869179;0,718563122052495
13601;SUAVIZANTE BORITA AROMA SOL -1004-X900CC;1533;0,0010904053201594;0,719653527372654
17633;PAPEL HIG.CAMPANITA CLAS.30MT PROMO- XUN;1533;0,0010904053201594;0,720743932692814
6315;PICADILLO CHANGUITO CARNE          X90GR;1523;0,00108329243483546;0,721827225127649
20479;JABON POLVO ALA MATIC VIV.VIOL.MULT.X400;1514;0,00107689083804392;0,722904115965693
77104;JUGO CLIGHT NARANJA -             X9.7GR;1507;0,00107191181831716;0,72397602778401
3389;REBOZADOR PREFERIDO-2690-         X500GR;1503;0,00106906666418759;0,725045094448198
28329;DULCE LECHE GJA.DE ORO FAMIL-40300-X250G;1503;0,00106906666418759;0,726114161112386
9194;FIDEO LA PROVIDENCIA MOSTACHOL-   X500GR;1494;0,00106266506739605;0,727176826179782
90299;YOGUR RAMOLAC ENT.PO.FRUTILLA -   X140GR;1493;0,00106195377886365;0,728238779958645
17111;PAÐAL BABYSEC ULTRA GDE.C/BARRERA   X9UN;1469;0,00104488285408621;0,729283662812731
20933;JABON POLVO ZORRO REG.BOLSA PROMO.X400G;1462;0,00103990383435945;0,730323566647091
36026;QUESO RALLADO CHELITA CAJA         X40GR;1460;0,00103848125729466;0,731362047904386
17891;PAÐAL BABYSEC ULTRA EX.GDE.C/BA-4198-X8U;1460;0,00103848125729466;0,73240052916168
17106;PAÐAL BABYSAN MEDIANO -3381-      X10UN;1429;0,00101643131279046;0,733416960474471
8359;TURRON ARCOR -4013-                X25GR;1418;0,00100860713893413;0,734425567613405
77095;JUGO CLIGHT MANZANA DELICIOSA-      X8GR;1416;0,00100718456186935;0,735432752175274
7974;JUGO YAP NARANJA-DURAZNO SOBRE -   X35GR;1412;0,00100433940773977;0,736437091583014
91002;QUESO CREMOSO RAMOLAC                XKG;1405;0,000999090098370706;0,737436181681385
25272;MAYONESA HELLMANNS DOY PACK -5970-X500CC;1402;0,000997226522415835;0,738433408203801
90479;MANTECA NOAL PAN -015-            X100GR;1398;0,000994381368286261;0,739427789572087
31107;CREMA DENTAL COLG.HERBAL BCO-13366-X90GR;1396;0,000992958791221473;0,740420748363308
50001;ESPIRAL RAID - 438-                 X4UN;1392;0,000990113637091899;0,7414108620004
41215;CREMA DENTAL KOLYNOS S/BLANCA-12005-X70G;1377;0,000979444309105995;0,742390306309506
13597;LAVANDINA AYUDIN MAXIMA PUREZA-   X250ML;1372;0,000975887866444027;0,74336619417595
7847;JUGO YAP NARANJA-MANDARINA -       X35GR;1368;0,000973042712314452;0,744339236888265
4610;YERBA PERIQUITA                   X500GR;1359;0,00096664111552291;0,745305878003788
20180;JABON POLVO DRIVE REG.DISF.ATARD. X400GR;1355;0,000963795961393335;0,746269673965181
17597;PROTECTOR LADYSOFT CLASICO-9657-   X20UN;1352;0,000961662095796155;0,747231336060977
50015;TABLETA P/MOSQUITO RAID     -098-  X24UN;1327;0,000943879882486314;0,748175215943463
90028;YOGUR RAMOLAC ENT.SACH.FRUTILLA-X1000GR;1320;0,000938900862759559;0,749114116806223
27233;TRAPO PISO M.NARAN.GRIS COMP.NVA MED.XUN;1303;0,000926808957708868;0,750040925763932
90835;POSTRE DANONINO-094-MAXI FRUTILLA 2X70GR;1288;0,000916139629722964;0,750957065393655
91268;QUESO CREMOSO NOAL -001-             XKG;1287;0,000915328760796035;0,751872394154451
92029;MEDALLON DE CARNE LA BLANCA -     X112GR;1284;0,000913294475593389;0,752785688630044
21004;COMINO VILLA RICA  -6804-          X25GR;1272;0,000904759013204666;0,753690447643249
9189;FIDEO LA PROVIDENCIA TALLARIN-    X500GR;1271;0,000904047724672273;0,754594495367921
13418;SUAVIZANTE BORITA CAR.MAMA-121011-X900CC;1264;0,000899068704945517;0,755493564072867
25208;MAYONESA D FIESTA SACHET          X100CC;1260;0,000896223550815943;0,756389787623683
7900;JUGO YUPI NARANJA SOBRE RINDE 2L-  X20GR;1250;0,000889110665492007;0,757278898289175
31750;CREMA DENTAL ODOL 2 DOB.FLUOR-13004-X70G;1246;0,000886265511362432;0,758165163800537
19104;LA GOTITA POMO                      X2GR;1224;0,000870617163649773;0,759035780964187
77222;JUGO BAGGIO MULTIFRUTA T.B.-12597-  X1LT;1218;0,000866349432455412;0,759902130396642
8055;TURRON MISKY -4014-                X25GR;1199;0,000852834950339933;0,760754965346982
4108;YERBA NOBLEZA GAUCHA AZUL-55256-  X500GR;1196;0,000850701084742752;0,761605666431725
77795;FERNET BRANCA                     X450CC;1196;0,000850701084742752;0,762456367516468
90399;yogur yoguris-508-frut.fort.ent. x1000gr;1192;0,000847855930613178;0,763304223447081
29006;CALDO MAGGI GALLINA-12177182-      X12UN;1163;0,000827228563173763;0,764131452010255
17493;PAPEL HIG.CAMPANITA CLAS.30MT-008-  X6UN;1159;0,000824383409044189;0,764955835419299
18022;FOSFOROS TRES PATITOS ECOLOGICO-  X222UN;1156;0,000822249543447008;0,765778084962746
20925;JABON POLVO ACE TRAD.REG.PROMO.-  X400GR;1156;0,000822249543447008;0,766600334506193
13622;SUAVIZANTE BORITA BEBE DOY P-2152-X900CC;1156;0,000822249543447008;0,76742258404964
77028;JUGO YAP MIX FRUTAL SOBRE -        X35GR;1152;0,000819404389317434;0,768241988438957
41156;acond.sedal rec.estruc.-228880-    x10ml;1152;0,000819404389317434;0,769061392828275
29178;CALDO WILDE VERDURA      -8202-    X12UN;1146;0,000815136658123072;0,769876529486398
7317;VINO VIÐAS DE BALBO BORGOÐA     X1.250LT;1145;0,000814425369590678;0,770690954855988
3173;FECULA MAIZENA ESTUCHE -          X200GR;1142;0,000812291503993497;0,771503246359982
13764;DETERGENTE ROPA F.ALA-CAMELLO-314-X120CC;1139;0,000810157638396317;0,772313403998378
15029;EDULCORANTE SI-DIET LIQUIDO       X200CC;1134;0,000806601195734349;0,773120005194113
9762;FIDEO LUCCHETTI TALLARIN-30897-   X500GR;1131;0,000804467330137168;0,77392447252425
24005;HARINA BONANZA LEUDANTE -           X1KG;1128;0,000802333464539987;0,77472680598879
29216;CALDO WILDE VERDURA      -26206-    X2UN;1128;0,000802333464539987;0,77552913945333
3046;BURGOL LA ESPAÐOLA                X500GR;1127;0,000801622176007593;0,776330761629337
77126;JUGO YAP PERA SOBRE -              X35GR;1126;0,0008009108874752;0,777131672516812
6003;SARDINA ACEITE GOMEZ DA COSTA     X125GR;1120;0,000796643156280838;0,777928315673093
77904;JUGO INCA LIGHT NARAN/MANGO-100912-X10GR;1118;0,000795220579216051;0,778723536252309
4075;TE LA VIRGINIA BOLDO SAQ. -31012-  X25UN;1103;0,000784551251230147;0,77950808750354
25205;mayonesa super ri-k doy pack-9426-x250cc;1100;0,000782417385632966;0,780290504889173
20192;JABON TOC.PLUSBELLE CERAM.C/ACEITE-X140G;1093;0,000777438365906211;0,781067943255079
77917;JUGO INCA LIGHT DURAZNO-100905-    X10GR;1092;0,000776727077373817;0,781844670332453
28031;DULCE LECHE FRANZ -1010002-       X250GR;1088;0,000773881923244243;0,782618552255697
4085;YERBA LA TRANQUERA SAQUITO-577-    X50UN;1070;0,000761078729661158;0,783379630985358
4050;CAFE LA VIRGINIA MOLIDO SAQUITO-   X20UN;1065;0,00075752228699919;0,784137153272357
13065;DETERGENTE ALA PODER NATUR.-236015-X750C;1058;0,000752543267272435;0,78488969653963
77644;jugo ades fruta tropical t.b-135992-x1lt;1056;0,000751120690207647;0,785640817229837
90219;YOGUR RAMOLAC ENT.PO.VAINILLA     X125GR;1055;0,000750409401675254;0,786391226631513
3010;POLENTA MAGICA-17190-             X500GR;1052;0,000748275536078073;0,787139502167591
77250;JUGO INCA LIGHT LIMON SOBRE        X10GR;1045;0,000743296516351318;0,787882798683942
20482;JABON POLVO ALA MAT. C/VIV.CEL.MUL.X400G;1044;0,000742585227818924;0,788625383911761
29029;CALDO MAGGI VERDURA-12179082-      X12UN;1044;0,000742585227818924;0,78936796913958
32043;LECHE POLVO NIDO+NUTRICION LATA - X800GR;1038;0,000738317496624562;0,790106286636204
50079;ESPIRAL RAID - 407-                X12UN;1036;0,000736894919559775;0,790843181555764
16018;FLAN EXQUISITA VAINILLA       -    X60GR;1036;0,000736894919559775;0,791580076475324
41491;ACOND.PANTENE LISO EXTR.SACHET     X10ML;1036;0,000736894919559775;0,792316971394883
18156;LAMPARA PHILIPS HALOGENA ECOCLAS.53W-XUN;1031;0,000733338476897807;0,793050309871781
17272;TOALLA LADYSOFT ULTR.U.SUAV.C/ALAS  X8UN;1026;0,000729782034235839;0,793780091906017
50029;ESPIRAL RAID COUNTRY FRESH -441-   X12UN;1021;0,000726225591573871;0,794506317497591
17415;PAPEL HIG.HIGIENOL EXPORT 30M-1463- X4UN;1019;0,000724803014509084;0,7952311205121
11094;TOMATE TRITURADO LA RIOJANITA BOT.  X1KG;1008;0,000716978840652754;0,795948099352753
7972;JUGO YAP MANZANA SOBRE -           X35GR;1003;0,000713422397990786;0,796661521750744
1023;GALLETA TRIO PEPAS       -0108-   X200GR;991;0,000704886935602063;0,797366408686346
14002;POMADA COBRA NEGRA                 X32GR;985;0,000700619204407701;0,798067027890753
11368;EXTRACTO TOMATE OTITO             X150GR;974;0,000692795030551372;0,798759822921305
20149;JABON POLVO ACE NAT.AL/MA.REG-9308-X400G;960;0,000682836991097861;0,799442659912403
7725;jugo tang nar/banana/frut.-918488- x25gr;959;0,000682125702565468;0,800124785614968
27561;LANA ACERO DEA ROLLITO    -701001- X45GR;959;0,000682125702565468;0,800806911317533
32111;LECHE SANCOR BEBE 1-0 A 6 M-3795- X250CC;954;0,0006785692599035;0,801485480577437
28033;DULCE LECHE GRANJA DE ORO FAMILIAR-X400G;953;0,000677857971371106;0,802163338548808
28022;MERMELADA DULCOR DURAZNO POTE    -X500GR;951;0,000676435394306319;0,802839773943114
7516;JUGO INCA LIGHT NAR/DURAZ-100906-  X10GR;948;0,000674301528709138;0,803514075471824
27023;ESPONJA ACERO INOX.DEA              X1UN;941;0,000669322508982383;0,804183397980806
9268;FIDEO FAVORITA SPAGHETTI-17164-   X500GR;940;0,000668611220449989;0,804852009201256
95021;TAPA P/PASCUALINA LA TUCUMANITA     X2UN;939;0,000667899931917596;0,805519909133174
25255;MOSTAZA DANICA ORIG.SACHET -196-   X60GR;939;0,000667899931917596;0,806187809065091
4037;YERBA AMANDA                      X250GR;935;0,000665054777788021;0,806852863842879
90547;YOGUR MANFREY-60306-BEB.VAINILLA    X1KG;934;0,000664343489255628;0,807517207332135
13331;DETERGENTE ALA GLICERINA -236011- X750CC;929;0,00066078704659366;0,808177994378728
97264;PAN VIENA ALBERTUS MERCOFRUT -      X6UN;928;0,000660075758061266;0,80883807013679
90492;FLAN SERENITO-432-VAINILLA      2X105GR;927;0,000659364469528872;0,809497434606319
11180;SALSA CICA PIZZA-206505-         X340GR;921;0,000655096738334511;0,810152531344653
28484;DULCE LECHE MANFREY-40104-        X400GR;913;0,000649406430075362;0,810801937774728
4640;te taragui saquito   -100035-      x25un;913;0,000649406430075362;0,811451344204804
29107;caldo knorr gallina rec.colec-0869- x2un;912;0,000648695141542968;0,812100039346347
7908;JUGO ZUKO JIRAFA NARANJA SOBRE-  X22.5GR;896;0,00063731452502467;0,812737353871371
90138;YOGUR YOGURIS.-957-CREMIX FRUT.  4X120GR;888;0,000631624216765522;0,813368978088137
7964;JUGO YAP NARANJA-BANANA SOBRE-     X35GR;887;0,000630912928233128;0,81399989101637
20212;JABON TOC.PLUSBELLE CREM.C/ACEITE-X140GR;882;0,00062735648557116;0,814627247501941
6373;CABALLA ACEITE PUGLISI            X380GR;882;0,00062735648557116;0,815254603987512
90029;YOGUR RAMOLAC ENT.SACH.VAINILLA-X1000GR;881;0,000626645197038766;0,815881249184551
31202;TALCO REXONA EFFICIENT POLVO-4725-X100GR;879;0,000625222619973979;0,816506471804525
92166;HAMBURGUESA PALADINI -23069-        X2UN;875;0,000622377465844405;0,81712884927037
27024;ESPONJA DORADA DEA                  X1UN;874;0,000621666177312011;0,817750515447682
20534;JABON TOC.REXONA-30532-NUT/FRESH  X125GR;869;0,000618109734650043;0,818368625182332
20236;jabon toc.lux refrescate -934226- x125gr;866;0,000615975869052862;0,818984601051384
18158;LAMPARA SOL DE NOCHE HALOG.70W       XUN;863;0,000613842003455682;0,81959844305484
20533;JABON TOC.REXONA-30512-MTA/FRESH  X125GR;858;0,000610285560793713;0,820208728615634
9026;FIDEO LA PROVIDENCIA DEDALITO -   X500GR;856;0,000608862983728926;0,820817591599363
7969;JUGO YAP DURAZNO SOBRE -           X35GR;855;0,000608151695196533;0,821425743294559
20179;JABON POLVO SKIP INTEL.PERF.R-229-X400GR;854;0,000607440406664139;0,822033183701223
20532;JABON TOC.REXONA-30511-SENS/FRESH X125GR;853;0,000606729118131745;0,822639912819355
20144;JABON TOC.POLYANA CHARME -11204 - X125GR;850;0,000604595252534565;0,82324450807189
20162;JABON TOC.POLYANA BOUQUET-11205-  X125GR;849;0,000603883964002171;0,823848392035892
13417;LIMP.LIQ.JARDIN ANTIB.ARPEGE CREM-X900C;847;0,000602461386937384;0,824450853422829
93101;MORTADELA BOLOGÐA CAÐON LARIO  -3-   XKG;847;0,000602319129230905;0,82505317255206
9278;FIDEO LA PROVIDENCIA MUNICION -   X500GR;843;0,000599616232807809;0,825652788784868
78058;JUGO INCA BC LIMON SOBRE           X30GR;842;0,000598904944275416;0,826251693729143
17026;PAÐAL HUGGIES CLASSIC XG -97442-    X8UN;841;0,000598193655743022;0,826849887384886
29088;CALDO KNORR VERDURA REC.COLEC-0826- X2UN;840;0,000597482367210629;0,827447369752097
91237;QUESO TYBO RAMOLAC-002-              XKG;838;0,00059640120864139;0,828043770960738
97177;PAN VIENA DON FRANCISCO-            X6UN;837;0,000595348501613448;0,828639119462352
29051;SOPA KNORR CREMA VERDURA -218050-    XUN;835;0,000593925924548661;0,8292330453869
20275;jabon toc.lux sorprendeme -934227-x125gr;834;0,000593214636016267;0,829826260022917
3253;CEREAL GRANIX SKARCHITO VITAM.    X240GR;832;0,00059179205895148;0,830418052081868
5015;CACAO NESQUIK BOLSA -12179777-    X180GR;830;0,000590369481886693;0,831008421563755
95149;RAVIOLITOS LA TUCUMANITA BOLSA    X500GR;826;0,000587524327757118;0,831595945891512
17643;TOALLA LADYSOFT COMFORT C/ALAS-9675-X8UN;825;0,000586813039224725;0,832182758930737
29156;SOPA KNORR CASERA VERD/CARNE C/DED-  XUN;824;0,000586101750692331;0,832768860681429
11375;PURE TOMATE OTITO                 X520GR;822;0,000584679173627544;0,833353539855057
29067;SOPA KNORR CASERA POLLO C/MUN.-9524-XUN;819;0,000582545308030363;0,833936085163087
20531;JABON TOC.REXONA-30521-AQUA FRESH X125GR;818;0,000581834019497969;0,834517919182585
4288;CAFE LA VIRGINIA EQUILIBRADO-5322-X125GR;814;0,000578988865368395;0,835096908047953
29108;PURE PAPA KNORR           -13659- X125GR;806;0,000573298557109246;0,835670206605063
97266;PAN HAMBURGUESA ALBERTUS MERCOFRUT- X4UN;805;0,000572587268576852;0,836242793873639
3098;REBOZADOR MAMA COCINA FREIR-      X500GR;803;0,000571164691512065;0,836813958565152
13842;LIMP.LIQ.POETT BEBE      -2570-   X900CC;801;0,000569742114447278;0,837383700679599
1044;GALLETA LIA DESFILE  -6807-       X400GR;799;0,000568319537382491;0,837952020216981
17071;PAÐAL HUGGIES CLASSIC XXG -97443-   X8UN;794;0,000564763094720523;0,838516783311702
7605;JUGO GATORADE FRUTAS TROPIC.-1099-X473CC;793;0,000564051806188129;0,83908083511789
20535;JABON TOC.REXONA-30525-NAT/FRESH  X125GR;792;0,000563340517655736;0,839644175635546
20218;JABON TOC.PLUSBELLE ENERG.C/ACEITE-X140G;792;0,000563340517655736;0,840207516153201
93045;MORTADELA CAÐON PALADINI -20552-     XKG;791;0,000562899518765651;0,840770415671967
77022;JUGO YAP ANANA SOBRE -             X35GR;785;0,00055836149792898;0,841328777169896
86010;LEVADURA DUQUESA -                X500GR;783;0,000556938920864193;0,84188571609076
38048;aceituna verde vanoli d.pack      x150gr;783;0,000556938920864193;0,842442655011624
29008;SOPA KNORR CREMA ARVEJA C/JAMON-6450-XUN;778;0,000553382478202225;0,842996037489827
29158;SOPA KNORR CASERA GALL.C/CAR-217162- XUN;776;0,000551959901137438;0,843547997390964
13404;SUAVIZANTE BORITA PERF.VIOLETA    X900CC;774;0,000550537324072651;0,844098534715037
90588;YOGUR YOGURIS-908-FIRME FRUT.PACK4X125G;770;0,000547692169943076;0,84464622688498
90115;LECHE LA SERENISIMA C/CALC.ENT.SACH-X1LT;762;0,000542001861683927;0,845188228746664
50078;INSECTICIDA RAID MMM AER.-078-    X360CC;756;0,000537734130489566;0,845725962877153
7057;jugo tang limonada -920049-        x25gr;752;0,000534888976359991;0,846260851853513
90072;ACTIMEL-574-FRUTILLA PACK        6X100GR;751;0,000534177687827598;0,846795029541341
17230;TOALLA ALWAYS BASICA C/ALAS -       X8UN;742;0,000527776091036055;0,847322805632377
90378;FLAN MANFREY S/HUEVO -60009-      X120GR;742;0,000527776091036055;0,847850581723413
18222;LAMPARA OSRAM HALOGENA CLAS.A 53W   XUN;740;0,000526353513971268;0,848376935237384
6079;PICADILLO LA BLANCA DE CARNE PROMO-X90GR;729;0,000518529340114938;0,848895464577499
91049;QUESO TYBO LA UNION                  XKG;728;0,000518109679880826;0,84941357425738
90419;POSTRE DANONINO-094-MAXI-VAIN.    2X70GR;727;0,000517106763050151;0,84993068102043
97179;PAN HAMBURGUESA DON FRANCISCO -     X4UN;726;0,000516395474517758;0,850447076494948
18051;VELAS GOLONDRINA         -94339-   X64GR;723;0,000514261608920577;0,850961338103868
1331;GALLETA MAURI S/SAL               X400GR;722;0,000513550320388183;0,851474888424257
4083;YERBA LA HOJA                     X500GR;722;0,000513550320388183;0,851988438744645
17056;PAPEL HIG.HIGIENOL EXPORT 30M PLUS  X4UN;720;0,000512127743323396;0,852500566487968
90390;yogur yoguris-508-vain.fort.ent. x1000gr;718;0,000510705166258609;0,853011271654227
13479;SUAVIZANTE VIVERE DIA/DIA DP-4764-X900CC;717;0,000509993877726215;0,853521265531953
4154;TE LA VIRGINIA SAQ.PAPEL FILT.RAPI.X25UN;712;0,000506437435064247;0,854027702967017
13351;DETERGENTE ALA FRUTAS CIT.-236013-X750CC;712;0,000506437435064247;0,854534140402082
77584;jugo ades durazno  t.b.             x1lt;708;0,000503592280934673;0,855037732683016
90583;YOGUR YOGURIS-908-FIRME VAIN.PACK4X125G;706;0,000502169703869885;0,855539902386886
20991;JABON POLVO ALA MATIC PROMO.     1X400GR;703;0,000500035838272705;0,856039938225159
31136;DESOD.REXONA ODORONO-237143- POTE  X60GR;699;0,00049719068414313;0,856537128909302
13007;DETERGENTE MAGISTRAL LIMON        X300ML;698;0,000496479395610737;0,857033608304913
20344;JABON TOC.PLUSBELLE RELAJ.C/ACEITE-X140G;692;0,000492211664416375;0,857525819969329
41021;SHAMPOO PLUSBELLE CERAM.ACTIVAS     X1LT;690;0,000490789087351588;0,858016609056681
6048;VIANDADA LA BLANCA -17176-        X332GR;683;0,000485810067624833;0,858502419124305
20249;JABON TOC.PLUSBELLE EXFOL.C/ACEITE-X140G;681;0,000484387490560045;0,858986806614865
13670;DETERGENTE GIGANTE LIMON -1284-   X750ML;675;0,000480119759365684;0,859466926374231
7957;JUGO YUPI MIX FRUTAL SOBRE RINDE 2L-X20G;674;0,00047940847083329;0,859946334845064
18159;LAMPARA SOL DE NOCHE HALOG.53W       XUN;673;0,000478697182300896;0,860425032027365
20442;JABON PAN ALA (ESPUMA)           2X200GR;667;0,000474429451106535;0,860899461478472
1445;GALLETA GRANIX SIN SAL     -22322-X185GR;666;0,000473718162574141;0,861373179641046
20226;JABON PAN ARGENTINO VERDE         X200GR;664;0,000472295585509354;0,861845475226555
95120;RAVIOLES LA REYNA POLLO-VERDURA -  X96UN;663;0,00047158429697696;0,862317059523532
4274;YERBA AMANDA SAQUITOS S/SOBRE-     X25UN;663;0,00047158429697696;0,862788643820509
36007;QUESO RALLADO SANCOR REGGIAN.-1402-X40GR;660;0,00046945043137978;0,863258094251889
20253;JABON POLVO ZORRO REGULAR BIOCRIST-X800G;660;0,00046945043137978;0,863727544683269
7500;JUGO BAGGIO MANZANA ROJA T.B.-607-X200CC;659;0,000468739142847386;0,864196283826116
4628;TE VILLA RICA SAQUITO              X25UN;659;0,000468739142847386;0,864665022968963
9148;ARROZ 53 BLUE BONET PROMO -       X500GR;658;0,000468027854314992;0,865133050823278
77009;JUGO YAP LIMON SOBRE -             X35GR;643;0,000457358526329088;0,865590409349608
78063;JUGO BAGGIO JUNIOR NARANJA-       X125CC;643;0,000457358526329088;0,866047767875937
13512;DETERGENTE ROPA F.BORITA   -7001- X150CC;643;0,000457358526329088;0,866505126402266
93013;SALAME T/MILAN 66 AL VACIO -42-      XKG;642;0,000456504980090216;0,866961631382356
20137;JABON PAN MARIPOSA VERDE -        X250GR;641;0,000455935949264301;0,86741756733162
17477;PAÐAL BABYSAN PEQUEÐO-3380-        X12UN;639;0,000454513372199514;0,86787208070382
13119;LIMP.LIQ.POETT BAMBU  -2625-      X900CC;635;0,00045166821806994;0,86832374892189
7414;VINO SANTA ANA SELECCION TTO-50221-X700C;635;0,00045166821806994;0,86877541713996
7252;jugo tang nar/fru/kiwi -           x25gr;634;0,000450956929537546;0,869226374069497
21057;VAINILLIN VILLA RICA LIQUIDO-4902- X30CC;633;0,000450245641005152;0,869676619710502
91005;QUESO BARRA WINDY -                  XKG;633;0,000450103383298674;0,870126723093801
13145;LAVANDINA AYUDIN ULTRA -9996-       X1LT;632;0,000449534352472759;0,870576257446274
11117;ARVEJA LA COLINA                  X350GR;629;0,000447400486875578;0,871023657933149
37031;MAQ.AF.MINORA I I  FIJA-59792-      X5UN;624;0,00044384404421361;0,871467501977363
16021;GELATINA EXQUISITA FRUTILLA-40973- X70GR;624;0,00044384404421361;0,871911346021576
13325;LIMPIADOR CIF CREMA -201137-      X375GR;623;0,000443132755681216;0,872354478777258
90460;MARGARINA DANICA DORADA PAN-873-  X200GR;617;0,000438865024486855;0,872793343801745
3101;POLENTA JOSE LOPEZ                  X1KG;613;0,00043601987035728;0,873229363672102
92002;SALCHICHA VIENA VIENISSIMA-60884-   X6UN;610;0,000433886004760099;0,873663249676862
18289;LAMPARA OSRAM HALOGENA CLAS.A 70W    XUN;610;0,000433886004760099;0,874097135681622
20185;JABON POLVO ACE NAT.PROMO -       X400GR;608;0,000432463427695312;0,874529599109317
7588;JUGO INCA BC MELON SOBRE-          X30GR;605;0,000430329562098131;0,874959928671415
9758;FIDEO LUCCHETTI FETUCCINE-30901-  X500GR;601;0,000427484407968557;0,875387413079384
77614;jugo ades durazno -136013-        x200cc;599;0,00042606183090377;0,875813474910288
9137;FIDEO LA PROVIDENCIA SPAGUETTI -    X5KG;596;0,000423927965306589;0,876237402875594
20077;JABON TOC.PALMOLIVE NAT.YOG/FR.   X125GR;594;0,000422505388241802;0,876659908263836
20501;JABON TOC.LUX TONO LUMINOSO-934230-X125G;594;0,000422505388241802;0,877082413652078
7315;JUGO CLIGHT MANDARINA-763129-      X10GR;594;0,000422505388241802;0,87750491904032
6051;SARDINA ACEITE BAHIA -            X125GR;583;0,000414681214385472;0,877919600254705
7503;JUGO ADES FRUTA TROPICAL -136014- X200CC;578;0,000411124771723504;0,878330725026429
1035;GALLETA TERRABUSI VARIEDAD-       X400GR;575;0,000408990906126323;0,878739715932555
1068;GALLETA TRIO PEPAS       -0106-   X500GR;574;0,00040827961759393;0,879147995550149
21014;COMINO ALICANTE                    X25GR;573;0,000407568329061536;0,879555563879211
17409;PAÐUELO DESC.ELITE-CARILINA-5456- 6X10UN;565;0,000401878020802387;0,879957441900013
31894;CREMA DENTAL COLGATE ORIG.-140- X180GR;565;0,000401878020802387;0,880359319920816
17556;PAPEL HIG.ROLISU     30M        -61-X6UN;562;0,000399744155205206;0,880759064076021
20238;JABON TOC.SUAVE VARIEDAD MIX-     3X90GR;558;0,000396899001075632;0,881155963077096
20247;JABON TOC.PLUSBELLE EQUILIB.ACEITE-X140G;555;0,000394765135478451;0,881550728212575
17002;SERVILLETA SUSSEX ULT.(33X30)-5764-X70UN;554;0,000394053846946057;0,881944782059521
4172;YERBA TARAGUI SAQUITO     -100073- X50UN;552;0,00039263126988127;0,882337413329402
13045;LUSTRAMUEBLE BLEM AEROSOL  -160-  X360CC;552;0,00039263126988127;0,882730044599283
27053;SECADOR DE GOMA SACCHI (40 CM)      X1UN;551;0,000391919981348877;0,883121964580632
27255;FIBRA ESPONJA MORTIMER CUADR.-38119-X1UN;551;0,000391919981348877;0,883513884561981
13797;DETERGENTE BORA MAGIC PLUS LIMON- X600CC;551;0,000391919981348877;0,88390580454333
1305;GALLETA PINDY SALVADO -           X600GR;550;0,000391208692816483;0,884297013236147
7950;JUGO YUPI DURAZNO SOBRE RINDE 2L - X20GR;543;0,000386229673089728;0,884683242909236
11141;PURE TOMATE CANALE T/BRIK -       X520GR;540;0,000384095807492547;0,885067338716729
27275;REJILLA MEDIA NARANJA MULTIUSO       XUN;540;0,000384095807492547;0,885451434524221
97352;PREPIZZA ALBERTUS MERCOFRUT-        X3UN;540;0,000384095807492547;0,885835530331714
3054;AVENA QUAKER TRAD.CALCHIERRO PLUS-X400GR;539;0,000383384518960153;0,886218914850674
7603;JUGO GATORADE MANZANA    -1102-   X473CC;536;0,000381250653362973;0,886600165504037
27248;FIBRA ESPONJA MORTIMER LISITA-38154- XUN;536;0,000381250653362973;0,8869814161574
25025;MOSTAZA FANACOA DOY PACK  -85402- X250GR;534;0,000379828076298185;0,887361244233698
77145;jugo ades anana t.b.                x1lt;533;0,000379116787765792;0,887740361021464
17253;ROLLO COCINA SUSSEX ULT.60 PAÐ.-653-X3UN;533;0,000379116787765792;0,88811947780923
6036;SARDINA ACEITE CUMANA-31712-      X125GR;532;0,000378405499233398;0,888497883308463
95102;RAVIOLES VIA VESPUCCI POLLO -     X500GR;532;0,000378405499233398;0,888876288807697
9218;FIDEO MATARAZZO SPAGHETTI-40150-  X500GR;531;0,000377694210701005;0,889253983018398
1102;GALLETA LIA POLVORITA FRUTILL-2872-X150G;529;0,000376271633636217;0,889630254652034
17505;PAÐAL HUGGIES CLASSIC GDE-96595-    X9UN;528;0,000375560345103824;0,890005814997138
20097;JABON TOC.PALMOLIVE NAT.EX.HUM.   X125GR;528;0,000375560345103824;0,890381375342241
41162;SHAMPOO SEDAL SOS CERAMIDAS       X200ML;527;0,00037484905657143;0,890756224398813
90186;MARGARINA MARGADAN PAN -631-      X200GR;527;0,00037484905657143;0,891131073455384
7887;JUGO CLIGHT FRUTOS ROJOS           X10GR;526;0,000374137768039036;0,891505211223423
20497;JABON POLVO DRIVE BRIS.TARDE MATIC X400G;526;0,000374137768039036;0,891879348991462
90431;POSTRE MANFRESQUITO VAINILLA      X120GR;525;0,000373426479506643;0,892252775470969
9096;ARROZ MAGISTRAL LARGO FINO 00000- X500GR;523;0,000372003902441856;0,892624779373411
27190;FIBRA ESPONJA BROOMY CUADRICULADA    XUN;521;0,000370581325377068;0,892995360698788
28224;MERMELADA NOEL DURAZNO FCO.-5165- X454GR;520;0,000369870036844675;0,893365230735633
3138;BURGOL BEDOIAN FINO               X500GR;514;0,000365602305650313;0,893730833041283
20225;JABON POLVO ZORRO MATIC BIOCR.-   X400GR;512;0,000364179728585526;0,894095012769868
9652;ARROZ SUSARELLI DOBLE -93242-     X500GR;511;0,000363468440053132;0,894458481209922
1086;GALLETA BAGLEY SALVADO -9994-     X214GR;507;0,000360623285923558;0,894819104495845
18081;LAMPARA OSRAM DULUX VALUE 20W/865 -  XUN;507;0,000360623285923558;0,895179727781769
6046;ATUN ACEITE DESMEN.CUMANA-30616-  X170GR;504;0,000358489420326377;0,895538217202095
11175;PURE TOMATE MORA PROMOCION-      X520GR;503;0,000357778131793984;0,895895995333889
20068;JABON POLVO DRIVE PROMO-          X400GR;502;0,00035706684326159;0,896253062177151
21053;SAL MANTO BLANCO GRUESA           X500GR;502;0,00035706684326159;0,896610129020412
21055;PIMIENTA BLANCA  VILLA RICA MOLI. -X25GR;501;0,000356355554729196;0,896966484575141
11111;TOMATE PELADO CANALE PERITA-      X400GR;501;0,000356355554729196;0,897322840129871
41347;ACOND.PLUSBELLE CERAMIDAS C/AMINOB- X1LT;499;0,000354932977664409;0,897677773107535
29085;SOPA KNORR CASERA VEG.C/CAR.-197521- XUN;498;0,000354221689132016;0,898031994796667
13741;DETERGENTE GIGANTE CREM/GLIC-1285-X750ML;497;0,000353510400599622;0,898385505197267
20302;JABON TOC.LUX TENT.DE PERA-934229-X125GR;496;0,000352799112067228;0,898738304309334
27482;FIBRA ESPONJA DEA C/SALVAUÐAS -006- X1UN;495;0,000352087823534835;0,899090392132869
78099;JUGO BAGGIO JUNIOR MANZANA-       X125CC;495;0,000352087823534835;0,899442479956404
13423;SUAVIZANTE BORITA BRISA CAMPO     X900CC;495;0,000352087823534835;0,899794567779938
25202;MAYONESA HELLMANNS LIGHT D.P-8767-X237GR;493;0,000350665246470048;0,900145233026408
27301;TRAPO PISO RANCHERA GRIS COST.-410-  XUN;491;0,00034924266940526;0,900494475695814
25126;mostaza savora-207053-aniv.dp.    x500gr;490;0,000348531380872867;0,900843007076687
41087;SHAMPOO PLUSBELLE ALGAS MARINAS     X1LT;487;0,000346397515275686;0,901189404591962
13259;DETERGENTE ROPA F.BORITA D.PACK   X150ML;486;0,000345686226743292;0,901535090818706
7250;SIDRA DEL VALLE                   X710CC;485;0,000344974938210899;0,901880065756916
4004;YERBA LA TRANQUERA -590-          X500GR;483;0,000343552361146111;0,902223618118063
11209;PURE TOMATE CAMPAGNOLA C/AZUC.TB. X520GR;482;0,000342841072613718;0,902566459190676
90090;YOGUR YOGURIS FORT.BEB-PROMO-    X1000GR;481;0,000342129784081324;0,902908588974758
1812;GALLETA HOJALMAR TRIANGULITO RONDA X150G;481;0,000342129784081324;0,903250718758839
97185;PREPIZZA DON FRANCISCO -            X3UN;478;0,000339995918484143;0,903590714677323
27630;FIBRA ESPONJA YAMAL CUADRICULADA    X1UN;478;0,000339995918484143;0,903930710595807
21127;PIMENTON LA CAMPIÐA EXTRA-11392-    X1KG;476;0,000338573341419356;0,904269283937227
13590;DETERGENTE ALA COLAGENO-236010-   X750CC;476;0,000338573341419356;0,904607857278646
29120;SOPA KNORR CREMA ESPARRAGOS          XUN;474;0,000337150764354569;0,904945008043001
20490;JABON POLVO ALA REGULAR MULTIACC. X800GR;473;0,000336439475822175;0,905281447518823
77097;JUGO CLIGHT PERA -                  X8GR;471;0,000335016898757388;0,90561646441758
90102;YOGUR GRAN COMPRA-340-FRUT.SACH.    X1KG;471;0,000335016898757388;0,905951481316338
77560;JUGO ZUKO NARANJA SOBRE-75003-     X15GR;470;0,000334305610224995;0,906285786926562
34003;GRASA DE VACA INSUGA REF.         X500GR;469;0,000333594321692601;0,906619381248255
18220;LAMPARA OSRAM HALOGENA CLAS.A 42W  XUN;469;0,000333594321692601;0,906952975569948
7723;jugo tang citric nar/pom/limon-    x25gr;468;0,000332883033160207;0,907285858603108
50074;TABLETA P/MOSQUITO X-5 -113017-   X20UN;468;0,000332883033160207;0,907618741636268
7600;JUGO GATORADE NARANJA  -1103-     X473CC;468;0,000332883033160207;0,907951624669428
27112;BROCHE PLASTICO BROOMY             X12UN;466;0,00033146045609542;0,908283085125524
50152;FLUIDO DESINFECTANTE X-5 LIQ.PLAST.X480C;465;0,000330749167563027;0,908613834293087
1051;GALLETA ARCOR DIVERSION -6805-    X400GR;461;0,000327904013433452;0,90894173830652
13526;LAVANDINA TRADIC.X-5 BIDON   -9032- X2LT;460;0,000327192724901059;0,909268931031421
29202;CALDO WILDE GALLINA -27482-         X6UN;460;0,000327192724901059;0,909596123756322
7118;JUGO ZUKO NARANJA DULCE SOBRE      X15GR;459;0,000326481436368665;0,909922605192691
1111;GALLETA BAGLEY MERENGADAS-9327-    X93GR;457;0,000325058859303878;0,910247664051995
11049;choclo cumana grano amarillo -    x350gr;457;0,000325058859303878;0,910572722911299
13172;DESINFECT.LYSOFORM CLASICO-375-   X360CC;455;0,00032363628223909;0,910896359193538
27629;ESPONJA DORADA LIMPEX    -120-      X1UN;455;0,00032363628223909;0,911219995475777
90277;FLAN SANCORITO-6295- VAINI/CARAM. X110GR;454;0,000322924993706697;0,911542920469484
3027;FECULA SAN CAYETANO               X500GR;453;0,000322213705174303;0,911865134174658
3082;SEMOLA LUCHETTI VITINA TRADIC.-   X250GR;452;0,00032150241664191;0,9121866365913
16152;GELATINA GODET FRUTILLA-          X100GR;448;0,000318657262512335;0,912505293853812
41969;ACOND.SEDAL CERAMIDA SOS-         X200ML;448;0,000318657262512335;0,912823951116324
27631;ESPONJA ACERO DEA (ESTROP.)         X1UN;447;0,000317945973979942;0,913141897090304
7453;JUGO ZUKO CERO NARANJA-ANANA        X8GR;446;0,000317234685447548;0,913459131775752
90125;YOGUR YOGURIS.-957-CREMIX VAIN.  4X120GR;446;0,000317234685447548;0,913776366461199
4084;YERBA LA HOJA                     X250GR;442;0,000314389531317974;0,914090755992517
90330;MANTECA SANCOR-1028-PAN           X100GR;442;0,000314389531317974;0,914405145523835
41970;ACOND.SEDAL SOS  BALANCE          X200ML;441;0,00031367824278558;0,914718823766621
77767;JUGO BAGGIO NARANJA T.B-12606-    X200ML;436;0,000310121800123612;0,915028945566745
3017;LENTEJA JOSE LOPEZ                X500GR;434;0,000308699223058825;0,915337644789804
77155;JUGO BAGGIO NAR-DUR TETRA BRICK-12598-X1;433;0,000307987934526431;0,91564563272433
77798;FERNET VITTONE ( DE F.BRANCA )    X450CC;433;0,000307987934526431;0,915953620658856
50068;INSECTICIDA RAID MMM S/OLOR -444- X360CC;433;0,000307987934526431;0,916261608593383
11169;SALSA CICA PIZZA QUALIPACK-206741-X200GR;433;0,000307987934526431;0,916569596527909
10101;DURAZNO INCA                      X820GR;432;0,000307276645994038;0,916876873173903
20048;JABON POLVO ARIEL BE -8834-       X400GR;432;0,000307276645994038;0,917184149819897
11107;PURE TOMATE ARCOR TETRA B.-6614-  X520GR;431;0,000306565357461644;0,917490715177359
31290;CREMA DENTAL ORAL-B 123 MTA PROMO-6X90GR;429;0,000305142780396857;0,917795857957756
6011;CABALLA ACEITE MARBELLA           X425GR;429;0,000305142780396857;0,918101000738153
95103;RAVIOLES VIA VESPUCCI POLLO/VERD.-X500GR;428;0,000304431491864463;0,918405432230017
28272;MERMELADA DULCOR DURAZNO LIGHT POT X420G;427;0,00030372020333207;0,918709152433349
20176;JABON PAN MARIPOSA BLANCO        2X250GR;427;0,00030372020333207;0,919012872636681
1075;OBLEA BAGLEY OPERA -9341-          X92GR;426;0,000303008914799676;0,919315881551481
41170;SHAMPOO SEDAL SOS CREMA           X200ML;426;0,000303008914799676;0,919618890466281
13799;DETERGENTE BORA MAGIC PLUS COLAG.-X600CC;425;0,000302297626267282;0,919921188092548
77282;VINO MICHEL TORINO SELECC.PROMO-  X700ML;425;0,000302297626267282;0,920223485718815
95022;TAPA P/EMPANADA LA TUCUMANITA      X12UN;424;0,000301586337734889;0,92052507205655
90456;MARGARINA DANICA DORADA PAN-872-  X100GR;423;0,000300875049202495;0,920825947105753
29116;SOPA KNORR CREMA ZAPALLO -           XUN;421;0,000299452472137708;0,921125399577891
3056;LENTEJA LA ESPAÐOLA               X400GR;421;0,000299452472137708;0,921424852050028
25102;MAYONESA HELLMANNS LIGHT-128638- X125GR;420;0,000298741183605314;0,921723593233634
77887;jugo tang pera -8882-              x25gr;419;0,000298029895072921;0,922021623128706
77796;FERNET BRANCA                     X750CC;419;0,000298029895072921;0,922319653023779
41487;SHAMPOO PLUSBELLE LECHE/ALM.C/AMINOB-X1L;417;0,000296607318008133;0,922616260341787
31293;CREMA HINDS ROSADA-61031-          X75GR;417;0,000296607318008133;0,922912867659796
16085;GELATINA EXQUISITA CEREZA -40975-  X70GR;416;0,00029589602947574;0,923208763689271
13705;DETERGENTE ALA ALOE VERA -235970- X750CC;414;0,000294473452410953;0,923503237141682
1326;GALLETA BAGLEY SONRISAS FRAMBUESA X118GR;412;0,000293050875346165;0,923796288017029
9314;ARROZ PELEADOR BLUE BONET PROMO-  X500GR;411;0,000292339586813772;0,924088627603842
11410;TOMATE PELADO ALCO LATA           X400GR;410;0,000291628298281378;0,924380255902124
13401;DESOD.AMB.POETT LAVANDA -3902-    X360CC;409;0,000290917009748985;0,924671172911873
7943;JUGO YUPI ANANA SOBRE RINDE 2L -   X20GR;409;0,000290917009748985;0,924962089921622
15014;EDULCORANTE SI-DIET LIQUIDO      -X500CC;409;0,000290917009748985;0,925253006931371
13752;DETERGENTE GIGANTE C/AL.VERA-1286-X750ML;408;0,000290205721216591;0,925543212652587
77089;JUGO CLIGHT MANGO/PERA-             X8GR;406;0,000288783144151804;0,925831995796739
50020;INSECTICIDA X-5 MATA CUCAR.Y HORM.X360CC;403;0,000286649278554623;0,926118645075294
37069;MAQ.AF.PRESTOBARBA ULTRAG.FIJO BOL. X5UN;402;0,000285937990022229;0,926404583065316
4196;YERBA TARAGUI CON PALO 4 FLEX     X250GR;400;0,000284515412957442;0,926689098478273
24100;HARINA PUREZA CON LEVADURA          X1KG;400;0,000284515412957442;0,926973613891231
16161;GELATINA GODET FRAMBUESA          X100GR;397;0,000282381547360261;0,927255995438591
27483;FIBRA ESPONJA DEA VERDE             X1UN;395;0,000280958970295474;0,927536954408887
17139;PAPEL HIG.HIGIENOL MAX N/IMAG.100MT-X4UN;392;0,000278825104698293;0,927815779513585
4601;YERBA PERIQUITA                     X1KG;390;0,000277402527633506;0,928093182041218
41277;ACOND.PLUSBELLE ALGAS MAR.C/AMINOB-X1LT;390;0,000277402527633506;0,928370584568852
50073;TABLETA P/MOSQUITO RAID-365-       X12UN;386;0,000274557373503932;0,928645141942356
41295;CEPILLO DENTAL COLG.PREMIER ULT-720-X1UN;385;0,000273846084971538;0,928918988027327
3341;MAIZ MOLIDO AMARILLO JOSE LOPEZ   X500GR;385;0,000273846084971538;0,929192834112299
31533;CREMA DENTAL ODOL 2 DOB.FLUO-13005-X90GR;384;0,000273134796439145;0,929465968908738
93071;PALETA DE CERDO COCIDA FRIGOFE -     XKG;382;0,000271854477080836;0,929737823385819
77462;JUGO ZUKO MIX FRUTAL SOBRE-75015-  X15GR;382;0,000271712219374357;0,930009535605193
91050;QUESO SARDO LA UNION                 XKG;381;0,000271328123566865;0,93028086372876
9024;ARROZ SUSARELLI LARGO FINO-93243-   X1KG;380;0,00027028964230957;0,93055115337107
90928;POSTRE DANETTE-530-D.LECHE PACK   2X95GR;380;0,00027028964230957;0,930821443013379
17554;PAPEL HIG.ROLISU     30M      -0055-X4UN;378;0,000268867065244783;0,931090310078624
41359;ACOND.PLUSBELLE CREME C/AMINOB-     X1LT;377;0,000268155776712389;0,931358465855336
90126;ACTIMEL-574-MULTIFRUTA PACK      6X100GR;374;0,000266021911115208;0,931624487766452
28025;MERMELADA DULCOR CIRUELA POTE     X500GR;374;0,000266021911115208;0,931890509677567
1145;GALLETA LIA POLVORITA VAIN.-2871- X150GR;374;0,000266021911115208;0,932156531588682
19010;ALCOHOL PURO FRAU PVC             X500CC;371;0,000263888045518028;0,9324204196342
16034;BIZCOCHUELO EXQUISITA VAIN.0%G.TR-X540GR;370;0,000263176756985634;0,932683596391186
13502;DESINFECT.LYSOFORM LAVANDA AER.   X360CC;370;0,000263176756985634;0,932946773148171
13805;DETERGENTE GIGANTE ANTIB.MZNA-1289-X750M;369;0,00026246546845324;0,933209238616625
7360;JUGO TANG NARANJA-DURAZNO          X25GR;369;0,00026246546845324;0,933471704085078
27231;REJILLA MEDIA NARANJA L/COCHES-     X1UN;369;0,00026246546845324;0,933734169553531
25017;KETCHUP CADA DIA DOY PACK         X250GR;368;0,000261754179920847;0,933995923733452
28027;MERMELADA DULCOR HIGO POTE   -804-X500GR;368;0,000261754179920847;0,934257677913373
4283;YERBA CBSE SILUETA DR CORM.-3212- X500GR;365;0,000259620314323666;0,934517298227696
17126;PAPEL HIG.HIGIENOL MAX NUEVA IMAGEN-X6UN;363;0,000258197737258879;0,934775495964955
27016;LANA ACERO LIMPEX        -038-     X70GR;359;0,000255352583129304;0,935030848548084
17449;TOALLA LADYSOFT NOR/SUA.C/ALAS PROMO-X8U;358;0,000254641294596911;0,935285489842681
29062;SOPA KNORR CLARA VERDURA-236386-     XUN;355;0,00025250742899973;0,935537997271681
6283;ATUN ACEITE DESMENUZADO BAHIA     X170GR;355;0,00025250742899973;0,935790504700681
16039;GELATINA EXQUISITA FRAMBUESA-40974-X70GR;355;0,00025250742899973;0,936043012129681
13097;PASTILLA P/INOD.GLADE CANAS/SURT-120-X1U;354;0,000251796140467336;0,936294808270148
90148;YOGUR ACTIVIA-253-CIRUE.PACK     2X125GR;353;0,000251084851934943;0,936545893122083
9763;FIDEO LUCCHETTI TIRABUZON-30714-  X500GR;352;0,000250373563402549;0,936796266685485
17304;toalla s/libre especial c/ala-89063-x8un;352;0,000250373563402549;0,937046640248888
20283;JABON POLVO ACE NAT.C/SUAV.MINI-  X400GR;351;0,000249662274870156;0,937296302523758
93203;FIAMBRE AMERC.CRISTAL BIERZO-433-    XKG;349;0,000248453084365086;0,937544755608123
90404;LECHE LA SERENISIMA C/CALC.DES.SACH-X1LT;348;0,000247528409272975;0,937792284017396
13434;LIMP.LIQ.JARDIN ANTIB.COLONIA CREM-X900C;348;0,000247528409272975;0,938039812426669
13410;DESOD.AMB.POETT PRIMAVERA -3906-  X360CC;347;0,000246817120740581;0,93828662954741
20174;JABON TOC.PALMOLIVE NAT.AV/AZU.   X125GR;346;0,000246105832208187;0,938532735379618
7968;JUGO YAP POMELO ROSADO SOBRE -     X35GR;344;0,0002446832551434;0,938777418634761
13394;LIMP.LIQ.JARDIN ANTIB.ARPEGE CRIS-X900CC;343;0,000243971966611007;0,939021390601372
17544;PAÐAL BABYSEC ULTRA MED.C/BARRERA X10UN;342;0,000243260678078613;0,939264651279451
21028;BICARBONATO VILLA RICA    -6002-   X20GR;340;0,000241838101013826;0,939506489380465
17263;PAPEL HIG.CAMPANITA CLASSIC 60M-064-X6UN;340;0,000241838101013826;0,939748327481479
27232;TRAPO PISO M.NARAN.GRIS REFOR.CLAS.  XUN;340;0,000241838101013826;0,939990165582492
3141;MAIZ MOLIDO BLANCO JOSE LOPEZ     X500GR;339;0,000241126812481432;0,940231292394974
7440;JUGO ADES ANANA T.B.-149826-      X200ML;339;0,000241126812481432;0,940472419207455
28199;MERMELADA NOEL LIGHT DURAZNO FCO- X390GR;337;0,000239704235416645;0,940712123442872
3097;POLENTA LA ESPAÐOLA                 X1KG;337;0,000239704235416645;0,940951827678289
60749;VASO DURAX DIAMANTE AZUL -2214-      XUN;337;0,000239704235416645;0,941191531913705
31055;CREMA DENTAL COLGATE T.ACCION-1146-X90GR;336;0,000238992946884251;0,941430524860589
3041;AVENA ARROLLADA LA ESPAÐOLA       X400GR;331;0,000235436504222283;0,941665961364812
41502;SHAMPOO SUAVE MIEL Y ALMENDRAS    X930ML;330;0,00023472521568989;0,941900686580502
90036;ACTIMEL-574-VAINILLA PACK        6X100GR;330;0,00023472521568989;0,942135411796192
9007;FIDEO MATARAZZO TALLARIN-48215-   X500GR;329;0,000234013927157496;0,942369425723349
27075;LANA ACERO TASK ROLLITO -107405-   X50GR;328;0,000233302638625103;0,942602728361974
27480;ESPONJA A.INOXIDABLE DEA            X2UN;328;0,000233302638625103;0,942836031000599
13806;DETERGENTE GIGANTE ANT.MOR.BOS.-  X750ML;327;0,000232591350092709;0,943068622350692
41483;SHAMPOO PLUSBELLE CREME C/AMINOB-   X1LT;327;0,000232591350092709;0,943301213700785
17247;PAÐAL BABYSEC ULTRA HIPER GDE-4147-X60UN;326;0,000231880061560315;0,943533093762345
9282;FIDEO LA TERESINA SPAGUETTI -     X500GR;326;0,000231880061560315;0,943764973823905
90311;GELATINA SHIMY -4032-FRUTILLA     X110GR;325;0,000231168773027922;0,943996142596933
50088;INSECTICIDA RAID EXTERMINADOR     X360CC;325;0,000231168773027922;0,944227311369961
77554;JUGO ZUKO NAR/BANANA SOBRE-75005-  X15GR;324;0,000230457484495528;0,944457768854456
9227;FIDEO LA PROVIDENCIA -PROMO-      X500GR;323;0,000229746195963135;0,94468751505042
86007;LEVADURA LEVINA -                 X500GR;323;0,000229746195963135;0,944917261246383
21024;OREGANO EN HOJAS VILLA RICA        X25GR;323;0,000229746195963135;0,945147007442346
95099;RAVIOLES VIA VESPUCCI VERDURA -   X500GR;323;0,000229746195963135;0,945376753638309
77808;jugo tang manzana -20045-          x25gr;322;0,000229034907430741;0,94560578854574
90101;YOGUR YOGURIS-135-CER.C/ZUCARI.   X166GR;321;0,000228323618898347;0,945834112164638
13278;DETERGENTE MAGISTRAL BRISA MARINA X300ML;320;0,000227612330365954;0,946061724495004
27034;FRANELA RANCHERA           -425-     XUN;320;0,000227612330365954;0,94628933682537
41488;SHAMPOO PLUSBELLE MAN/PERA C/AMINOB-X1LT;320;0,000227612330365954;0,946516949155736
21002;SAL DOS ESTRELLAS GRUESA            X1KG;319;0,00022690104183356;0,94674385019757
77196;APERITIVO GANCIA -10000-          X950CC;318;0,000226189753301167;0,946970039950871
92145;MEDALLON CARNE SWIFT CLASICA -PROMO-X2UN;318;0,000226189753301167;0,947196229704172
31066;CREMA DENTAL COLGATE -141-        X140GR;318;0,000226189753301167;0,947422419457473
9072;ARROZ LA ESPAÐOLA 00000 -         X500GR;316;0,000224767176236379;0,947647186633709
18058;LAMPARA SOL DE NOCHE HALOG.42W       XUN;316;0,000224767176236379;0,947871953809946
9276;ARROZ GALLO ORO BOLSA  -93004-    X500GR;315;0,000224055887703986;0,94809600969765
77994;VINO TERMIDOR BCO T.B X1LT+TERM.ROS.X1LT;313;0,000222633310639199;0,948318643008289
20347;JABON TOC.PLUSBELLE PURIF.C/ACEITE-X140G;313;0,000222633310639199;0,948541276318928
40001;PALILLERO IDEAL-410-              X100UN;312;0,000221922022106805;0,948763198341035
25212;MAYONESA D FIESTA DOY PACK        X250CC;312;0,000221922022106805;0,948985120363142
1186;GALLETA ARCOR HOGAREÐA SALV.-6692-X600GR;310;0,000220499445042018;0,949205619808184
28126;DULCE LECHE SANCOR-3104-POTE      X250GR;310;0,000220499445042018;0,949426119253226
11003;SALSA ALCO PIZZA                  X350GR;309;0,000219788156509624;0,949645907409735
20443;JABON PAN ALA TOQUE VIVERE        X200GR;307;0,000218365579444837;0,94986427298918
41482;SHAMPOO PLUSBELLE BAM/ALOE C/AMINOB-X1LT;307;0,000218365579444837;0,950082638568625
16129;GELATINA MOGUL FRUTILLA-3077-      X60GR;306;0,000217654290912443;0,950300292859538
27078;PAÐO ABSORBENTE TASK -300710-       X1UN;306;0,000217654290912443;0,95051794715045
19103;POXI-RAN UNTABLE POMO              X23ML;306;0,000217654290912443;0,950735601441363
90150;YOGUR ACTIVIA-253-FRUTILLA PACK  2X125GR;305;0,00021694300238005;0,950952544443743
77350;jugo dink-c limonada sobre         x45gr;303;0,000215520425315262;0,951168064869058
25299;ketchup fanacoa doy pack   -85418-x250gr;303;0,000215520425315262;0,951383585294373
32080;LECHE LV CHELITA DESCREMADA         X1LT;303;0,000215520425315262;0,951599105719688
21161;PROVENZAL VILLA RICA       -8603-  X25GR;302;0,000214809136782869;0,951813914856471
4099;TE GREEN HILLS SAQUITO -816-       X25UN;301;0,000214097848250475;0,952028012704722
77786;SODA MANAOS SIFON PROMO -           X2LT;301;0,000214097848250475;0,952242110552972
6284;ATUN NATURAL DESMENUZADO BAHIA    X170GR;300;0,000213386559718082;0,95245549711269
27473;FIBRA ESPONJA TASK ECO -107202-     X1UN;300;0,000213386559718082;0,952668883672408
17237;PROTECTOR LADYSOFT ANAT.S/A        X20UN;299;0,000212675271185688;0,952881558943594
4269;TE LA VIRGINIA SAQ.PAPEL FILT.RAP-X100UN;297;0,000211252694120901;0,953092811637715
28136;MERMELADA NOEL CIRUELA FCO-5168-  X454GR;297;0,000211252694120901;0,953304064331836
90927;POSTRE DANETTE-530-CHOCOLATE PAC 2X95GR;297;0,000211252694120901;0,953515317025957
7673;jugo tang anana -923219-           x25gr;297;0,000211252694120901;0,953726569720078
90746;CREMA LECHE RAMOLAC               X200GR;296;0,000210541405588507;0,953937111125666
25217;MAYONESA HELLMANNS DOY PACK PROMO-X237GR;296;0,000210541405588507;0,954147652531255
6361;CABALLA NATURAL PUGLISI           X380GR;296;0,000210541405588507;0,954358193936843
16043;GELATINA EXQUISITA DURAZNO-40979-  X70GR;296;0,000210541405588507;0,954568735342432
17249;PAÐAL BABYSEC ULTRA HIPER XG       X48UN;295;0,000209830117056114;0,954778565459488
13826;LIMPIADOR CIF ANTIGRASA D.P-4036- X500ML;293;0,000208407539991326;0,954986972999479
17511;PAÐAL BABYSEC CLASICO TANGA XXGDE - X8UN;293;0,000208407539991326;0,95519538053947
41477;ACOND.PLUSBELLE LECHE/ALM.C/AMINOB- X1LT;292;0,000207696251458933;0,955403076790929
31529;DESOD.KEVIN   -372/3 -AEROSOL     X150ML;291;0,000206984962926539;0,955610061753856
28024;MERMELADA DULCOR DAMASCO POTE-805-X500GR;290;0,000206273674394146;0,95581633542825
11281;TOMATE PELADO LA COLINA           X400GR;289;0,000205562385861752;0,956021897814112
13756;LIMP.LIQ.PROCENEX 3EN1 LAVANDA    X900ML;289;0,000205562385861752;0,956227460199974
13591;DETERGENTE GIGANTE ANT.LLUVIAS FR.X750ML;288;0,000204851097329358;0,956432311297303
9867;FIDEO LUCCHETTI MOÐOS-30911-      X500GR;288;0,000204851097329358;0,956637162394632
20437;JABON POLVO ACE NAT.C/SUAV.MINI.    X3KG;285;0,000202717231732178;0,956839879626365
32079;LECHE LV CHELITA ENTERA             X1LT;284;0,000202005943199784;0,957041885569564
13813;DETERGENTE GIGANTE T/D/ALMENDRA-  X750ML;284;0,000202005943199784;0,957243891512764
77064;JUGO ZUKO PERA -75014-SOBRE        X15GR;283;0,00020129465466739;0,957445186167431
7940;jugo tang durazno -919469-         x25gr;281;0,000199872077602603;0,957645058245034
37006;MAQ.AF.PRESTOBARBA ULTRAGRIP C/FIJO X3UN;281;0,000199872077602603;0,957844930322637
6060;ATUN ACEITE DESMENUZADO CARACAS - X170GR;279;0,000198449500537816;0,958043379823174
27634;ESPONJA TASK SPUNITA     -107361-   X1UN;279;0,000198449500537816;0,958241829323712
9433;FIDEO FAVORITA MOSTAC.RAYADO-49761X500GR;279;0,000198449500537816;0,95844027882425
3079;MAIZ BLANCO LA ESPAÐOLA           X500GR;278;0,000197738212005422;0,958638017036256
4175;YERBA AMANDA SAQUITOS C/SOBRE-     X25UN;277;0,000197026923473029;0,958835043959729
41508;ACOND.SUAVE MIEL Y ALMENDRAS      X930ML;276;0,000196315634940635;0,959031359594669
50206;REPELENTE OFF CREMA C/ALOE  -062-  X60CC;276;0,000196315634940635;0,95922767522961
7915;JUGO YUPI MANZANA SOBRE RINDE 2L-  X20GR;275;0,000195604346408242;0,959423279576018
25056;MAYONESA HELLMANNS BOLSA-7093- X2900CC;272;0,000193470480811061;0,959616750056829
31023;CREMA DENTAL COLGATE TOTAL 12      X90GR;271;0,000192759192278667;0,959809509249108
77016;JUGO YUPI LIMON SOBRE RINDE 2L-    X20GR;271;0,000192759192278667;0,960002268441386
13899;BRILLO ECHO BALDE D.P.-187-       X450ML;271;0,000192759192278667;0,960195027633665
77015;JUGO YUPI FRUTILLA SOBRE RINDE 2L- X20GR;270;0,000192047903746273;0,960387075537411
28233;DULCE LECHE FRANZ FLIAR-1010019- X400GR;269;0,00019133661521388;0,960578412152625
41489;SHAMPOO PLUSBELLE LIN/MIEL C/AMINOB-X1LT;268;0,000190625326681486;0,960769037479307
77164;JUGO ZUKO NAR/DURAZNO SOBRE-75006- X15GR;267;0,000189914038149093;0,960958951517456
17250;PAÐAL BABYSEC ULTRA HIPER XXG-4189-X48UN;267;0,000189914038149093;0,961148865555605
13164;DESINFECT.LYSOFORM AIRE MONT.     X360CC;265;0,000188491461084305;0,961337357016689
17578;PAÐAL BABYSEC CLAS.TANGA MP GDE -  X20UN;264;0,000187780172551912;0,961525137189241
90222;FLAN WINDY VAINILLA -             X120GR;263;0,000187068884019518;0,961712206073261
11405;ARVEJA ALCO                       X350GR;261;0,000185646306954731;0,961897852380215
13470;PASTILLA P/INOD.JARDIN FLORAL-       XUN;260;0,000184935018422337;0,962082787398638
43021;CREMA OXIGENADA ISSUE VOL.20-PROMO-  XUN;260;0,000184935018422337;0,96226772241706
4019;YERBA CACHAMATE HIERBAS SERRANAS  X500GR;259;0,000184223729889944;0,96245194614695
90075;LECHE RAMOLAC DESCREMADA SACHET     X1LT;259;0,000184223729889944;0,96263616987684
4155;YERBA TARAGUI  ENERGIA -473-      X500GR;258;0,00018351244135755;0,962819682318197
13317;LAVANDINA TRADIC.X5 BIDON -9031-    X4LT;258;0,00018351244135755;0,963003194759555
60750;VASO DURAX ANABEL AZUL -2215-        XUN;257;0,000182801152825157;0,96318599591238
95100;RAVIOLES VIA VESPUCCI 4 QUESOS -  X500GR;257;0,000182801152825157;0,963368797065205
3083;SEMOLA LUCHETTI VITINA TRADIC.-   X500GR;256;0,000182089864292763;0,963550886929498
90098;YOGUR GRAN COMPRA-340-VAIN.SACH.    X1KG;255;0,000181378575760369;0,963732265505258
27253;TRAPO PISO SACCHI GRIS FRISADO 47X57-XUN;255;0,000181378575760369;0,963913644081019
77537;JUGO ADES  PROMO -                  X1LT;255;0,000181378575760369;0,964095022656779
29115;SOPA KNORR CREMA ESPINACA-236447-    XUN;254;0,000180667287227976;0,964275689944007
15013;ENDULZANTE BARNY LIQ. -9201-     X250ML;254;0,000180667287227976;0,964456357231235
95107;TAPA P/PASCUALINA MADOMI -          X2UN;254;0,000180667287227976;0,964637024518463
6107;PATE FOIE SWIFT                    X90GR;253;0,000179955998695582;0,964816980517159
27481;ESPONJA DORADA DEA                  X2UN;253;0,000179955998695582;0,964996936515854
7544;JUGO TANG MARACUYA -               X35GR;252;0,000179244710163189;0,965176181226017
20052;JABON POLVO ACE MINIES.TRAD.      X400GR;252;0,000179244710163189;0,965355425936181
17423;PAÐAL BABYSEC ULTRA MP XXG -4109-  X14UN;252;0,000179244710163189;0,965534670646344
13500;LIMP.LIQ.JARDIN ANTIB.LAVANDA CREM-X900C;251;0,000178533421630795;0,965713204067975
78032;JUGO BAGGIO NAR-DUR T.B-12612-    X200CC;250;0,000177822133098401;0,965891026201073
17292;PAPEL HIG.SCOTT H/S ALOE 30MT-2864- X4UN;250;0,000177822133098401;0,966068848334171
41401;ACOND.SEDAL SOS BALANCE -227723-  X300ML;249;0,000177110844566008;0,966245959178737
90002;MANTECA RAMOLAC PAN               X200GR;248;0,000176399556033614;0,966422358734771
18086;PILA EVEREADY AAA  -1212 -          X2UN;247;0,000175688267501221;0,966598047002272
18073;LAMPARA OSRAM DULUX VALUE 15W/865-   XUN;247;0,000175688267501221;0,966773735269773
28470;DULCE BATATA ORIETA C/CHOCO.      X500GR;247;0,000175688267501221;0,966949423537275
1109;GALLETA BAGLEY CRIOLLITAS -3778-  X300GR;246;0,000174976978968827;0,967124400516243
90505;YOGUR MANFREY-60308-BEB.DURAZNO-    X1KG;246;0,000174976978968827;0,967299377495212
20470;JABON POLVO DRIVE MATIC CAM.BOSQUE X400G;246;0,000174976978968827;0,967474354474181
41207;CREMA DENTAL KOLYNOS S/BLANCA-12006-X90G;246;0,000174976978968827;0,96764933145315
90294;MANTECA SANCOR-1029-C/VIT.DYE -   X200GR;245;0,000174265690436433;0,967823597143586
41212;TALCO AKTIOL POLVO       -24103-  X100GR;245;0,000174265690436433;0,967997862834023
27503;SECADOR DE GOMA DEA NEGRO 40CM.     X1UN;244;0,00017355440190404;0,968171417235927
60166;PLATO DURAX ORQUIDEA AZUL HONDO-4786-XUN;243;0,000172843113371646;0,968344260349299
16154;GELATINA GODET NARANJA-           X100GR;243;0,000172843113371646;0,96851710346267
90504;YOGUR MANFREY-60307-BEB.BANANA      X1KG;243;0,000172843113371646;0,968689946576042
4676;YERBA CACHAMATE SILUET     -269-  X500GR;241;0,000171420536306859;0,968861367112349
13634;DESOD.AMB.POETT ESPIR.JOVEN-      X360CC;241;0,000171420536306859;0,969032787648655
37017;MAQ.AF.PRESTOBARBA 3 HOMBRE-804-    X2UN;239;0,000169997959242072;0,969202785607898
20306;JABON POLVO ZORRO REGULAR BIOCRIST- X3KG;237;0,000168575382177284;0,969371360990075
31926;CREMA DENTAL COLGATE -11134-       X90GR;236;0,000167864093644891;0,96953922508372
21136;OREGANO EN HOJAS LA CAMPIÐA-11351-X250GR;236;0,000167864093644891;0,969707089177365
77088;JUGO CLIGHT MANGO -                 X8GR;236;0,000167864093644891;0,969874953271009
41968;ACOND.SEDAL RIZOS OBEDIENTES      X200ML;235;0,000167152805112497;0,970042106076122
1851;GALLETA FRUTIGRAN AVENA/PASAS     X250GR;235;0,000167152805112497;0,970209258881234
17642;TOALLA HUM.HUGGIES CLASSIC -1728-  X64UN;234;0,000166441516580104;0,970375700397815
93081;SALAME T/MILAN FELA -17772-          XKG;234;0,000166327710414921;0,970542028108229
17345;PAÐAL BABYSEC CLASICO TANGA MEDIANO-X10U;233;0,00016573022804771;0,970707758336277
25214;MAYONESA D FIESTA DOY PACK        X500CC;233;0,00016573022804771;0,970873488564325
15019;ENDULZANTE BARNY LIQ. -9203-     X500ML;232;0,000165018939515316;0,97103850750384
13373;LUSTRAMUEBLE BLEM NARANJA   -244- X360CC;232;0,000165018939515316;0,971203526443356
28241;DULCE LECHE SANCOR CLASICO-3186-  X400GR;232;0,000165018939515316;0,971368545382871
31040;TALCO POLYANA FLORAL BOLSA -15700- X200G;231;0,000164307650982923;0,971532853033854
90041;YOGUR SANCOR-6403-BEB.FORT.FRUT     X1KG;230;0,000163596362450529;0,971696449396304
13680;PASTILLA P/INOD.BELAROM MIXTA-086- X60GR;230;0,000163596362450529;0,971860045758755
1024;GALLETA TRIO FROLITAS    -1008-   X160GR;229;0,000162885073918136;0,972022930832673
7280;JUGO ADES PERA                    X200ML;228;0,000162173785385742;0,972185104618059
4213;YERBA CRUZ DE MALTA SAQUITO-93224- X25UN;228;0,000162173785385742;0,972347278403445
17060;PAPEL HIG.HIGIENOL MAX NUEVA IMAGEN-X4UN;228;0,000162173785385742;0,97250945218883
17146;TOALLA HUM.ESTRELLA-376-D.PACK     X70UN;228;0,000162173785385742;0,972671625974216
31203;TALCO REXONA EFFICIENT POLVO-6191-X200GR;228;0,000162173785385742;0,972833799759602
9295;ARROZ 53 BLUE BONET -           10X500GR;228;0,000162173785385742;0,972995973544988
9750;FIDEO LUCCHETTI CODITO-30913-     X500GR;228;0,000162173785385742;0,973158147330373
90487;YOGUR SER-901-CALCIO FRUTI.PACK  2X120GR;225;0,000160039919788561;0,973318187250162
7465;VINO SANTA ISABEL BORGOÐA        X700 CC;223;0,000158617342723774;0,973476804592886
31585;CREMA DENTAL ODOL 2 DOB.FLUO-13006-X180G;223;0,000158617342723774;0,973635421935609
95101;RAVIOLES VIA VESPUCCI RICOTA -    X500GR;223;0,000158617342723774;0,973794039278333
41485;SHAMPOO PLUSBELLE COCO/KAR.C/AMINOB-X1LT;222;0,00015790605419138;0,973951945332525
90981;POSTRE DANETTE-530-CREMA AMERC.   2X95GR;221;0,000157194765658987;0,974109140098184
17392;PAÐAL BABYSEC ULT.TRI/GRANDE       X30UN;220;0,000156483477126593;0,97426562357531
18017;PILA EVEREADY CHICAAA ED BLIS.-1215-X4UN;218;0,000155060900061806;0,974420684475372
6344;PATE FOIE LA BLANCA                X90GR;217;0,000154349611529412;0,974575034086901
31105;shampoo sedal recon.estructural   x200ml;217;0,000154349611529412;0,974729383698431
17105;PAPEL HIG.ROLISU PROMOCION  -        XUN;216;0,000153638322997019;0,974883022021428
20488;JABON POLVO ALA REG.C/VIV.CEL.MULT.X800G;215;0,000152927034464625;0,975035949055893
13807;DETERGENTE GIGANTE ANTIB.AMANECER-X750ML;215;0,000152927034464625;0,975188876090357
29179;CALDO WILDE CARNE        -8209-    X12UN;214;0,000152215745932232;0,975341091836289
41478;ACOND.PLUSBELLE MANZ/PERA C/AMINOB- X1LT;214;0,000152215745932232;0,975493307582222
93455;MORTADELA VEJIGA RECREO -110-        XKG;213;0,000151596924909049;0,975644904507131
1745;GALLETA LIA VOCACION VAINI.-1773- X170GR;212;0,000150793168867444;0,975795697675998
4078;TE LA VIRGINIA MANZANILLA SAQUIT   X25UN;212;0,000150793168867444;0,975946490844866
17585;PAÐAL BABYSEC CLAS.TANGA MP XGDE - X16UN;212;0,000150793168867444;0,976097284013733
27476;LANA ACERO TASK ROLLITO -107402-   X70GR;212;0,000150793168867444;0,976248077182601
28273;MERMELADA DULCOR FRUTILLA LIGHTPOT.X420G;211;0,000150081880335051;0,976398159062936
27692;TRAPO PISO YAMAL GRIS TEJIDO        X1UN;210;0,000149370591802657;0,976547529654738
90209;YOGUR MANFREY YOFREY PROMOCION -  X120GR;210;0,000149370591802657;0,976696900246541
9823;FIDEO FAVORITA MOÐO MEDIANO-40447-X500GR;210;0,000149370591802657;0,976846270838344
25022;KETCHUP DANICA DOY PACK -245-     X220GR;209;0,000148659303270264;0,976994930141614
29118;SOPA KNORR CREMA QUESO -             XUN;209;0,000148659303270264;0,977143589444884
93139;MORTADELA BOLOGNA DON OTTO -         XKG;209;0,000148545497105081;0,977292134941989
41400;ACOND.SEDAL SOS CERAMIDAS         X300ML;208;0,00014794801473787;0,977440082956727
31723;POLVO DESOD.VERITAS MASCULINO-902-X230GR;208;0,00014794801473787;0,977588030971465
27015;ESPONJA A.INOXIDABLE LIMPEX  -121-  X1UN;208;0,00014794801473787;0,977735978986203
1293;OBLEA BAGLEY OPERA-9419-           X55GR;208;0,00014794801473787;0,977883927000941
41030;SHAMPOO SUAVE MANZANA VERDE       X930ML;207;0,000147236726205476;0,978031163727146
90949;YOGUR MANFREY YOFREY ENT.DUL.LECHE X120G;205;0,000145814149140689;0,978176977876287
31239;ANTIT.DOVE CLASICO AERO.-939542-  X100GR;204;0,000145102860608296;0,978322080736895
1213;OBLEA BAGLEY OPERA-9509-          X220GR;204;0,000145102860608296;0,978467183597503
31007;CREMA DENTAL COLGATE TRIP.ACCION- X180GR;204;0,000145102860608296;0,978612286458112
17408;TOALLA HUMEDA ALGABO -2628-        X80UN;204;0,000145102860608296;0,97875738931872
4183;CAFE ARLISTAN SUAVE-93130-         X50GR;203;0,000144391572075902;0,978901780890796
77770;JUGO BAGGIO PERA T.B. -12608-     X200ML;203;0,000144391572075902;0,979046172462872
21129;COMINO MOLIDO LA CAMPIÐA-11304-     X1KG;203;0,000144391572075902;0,979190564034948
13546;LIMP.LIQ.JARDIN ANTIB.FLORAL CREM-X900CC;202;0,000143680283543508;0,979334244318491
25276;MAYONESA FANACOA DOY PACK -79891- X500CC;202;0,000143680283543508;0,979477924602035
21064;SAL CELUSAL PARRILLERA PAQ.-2007-   X1KG;202;0,000143680283543508;0,979621604885578
4287;YERBA CBSE SABOR.C/NARANJA MAS-3208-X500;201;0,000142968995011115;0,979764573880589
7213;jugo ades pera                      x1lt;200;0,000142257706478721;0,979906831587068
13201;LAVANDINA TRADIC.X-5 PROMO -        X1LT;200;0,000142257706478721;0,980049089293547
13294;LIMPIADOR CIF CREMA -201138-      X750GR;200;0,000142257706478721;0,980191347000025
3053;AVENA QUAKER INS.CALCIHIERRO PLUS-X350GR;200;0,000142257706478721;0,980333604706504
28482;MERMELADA DULCOR FRUTILLA         X500GR;200;0,000142257706478721;0,980475862412983
90745;CREMA LECHE RAMOLAC               X350GR;199;0,000141546417946327;0,980617408830929
13409;DESOD.AMB.POETT BRISA POLAR       X360CC;198;0,000140835129413934;0,980758243960343
27011;ESPONJA DORADA VIRULANA-22300-      X1UN;198;0,000140835129413934;0,980899079089757
4057;CAFE LA VIRGINIA INSTANTANEO       X50GR;198;0,000140835129413934;0,981039914219171
41389;SHAMPOO SEDAL CREMA POUCH-        X300ML;198;0,000140835129413934;0,981180749348585
13205;DETERGENTE MAGISTRAL LIMON        X600ML;197;0,00014012384088154;0,981320873189466
41509;ACOND.SUAVE COCO Y LECHE          X930ML;197;0,00014012384088154;0,981460997030348
1054;BIZCOCHO 9 DE ORO CLASICO         X200GR;197;0,00014012384088154;0,98160112087123
9315;ARROZ 53 BLUE BONET -              5X1KG;195;0,000138701263816753;0,981739822135046
4123;CAFE ARLISTAN SUAVE-93134-        X170GR;194;0,000137989975284359;0,981877812110331
24171;PREMEZCLA P/ÐOQUIS BLANCAFLOR     X400GR;193;0,000137278686751966;0,982015090797083
27276;FRANELA MEDIA NARANJA CLASICA        XUN;193;0,000137278686751966;0,982152369483835
13503;PASTILLA P/INOD.JARDIN FRUTAL-       XUN;193;0,000137278686751966;0,982289648170587
9025;ARROZ SUSARELLI DOBLE -93241-       X1KG;192;0,000136567398219572;0,982426215568806
13723;LIMP.LIQ.JARDIN ANTIB.PINO CRIST- X900CC;192;0,000136567398219572;0,982562782967026
16153;GELATINA GODET CEREZA             X100GR;192;0,000136567398219572;0,982699350365245
21049;CONDIMENTO P/ARROZ ALICANTE        X25GR;191;0,000135856109687179;0,982835206474932
29041;CALDO KNORR  PROMO-                X12UN;191;0,000135856109687179;0,98297106258462
4087;YERBA NOB.GAUCHA SUAVE-50169-     X500GR;190;0,000135144821154785;0,983106207405774
13144;LIMPIA MR.MUSCULO COC.NARANJA DP. X500CC;190;0,000135144821154785;0,983241352226929
29078;CALDO KNORR GALLINA REC.COLEC-0871- X6UN;190;0,000135144821154785;0,983376497048084
20198;JABON POLVO SKIP INTE.PERF.RESUL. X800GR;190;0,000135144821154785;0,983511641869238
3080;MAIZ PISADO AMARILLO LA ESPAÐOLA  X500GR;190;0,000135144821154785;0,983646786690393
9376;FIDEO FAVORITA CODITO RAY-49803-  X500GR;190;0,000135144821154785;0,983781931511548
16078;GELATINA EXQUISITA LIGHT FRUT-465- X25GR;190;0,000135144821154785;0,983917076332703
13416;DESOD.AMB.POETT SUAVIDAD ALG.    -X360CC;189;0,000134433532622391;0,984051509865325
41475;ACOND.PLUSBELLE COCO/KAR.C/AMINOB-  X1LT;189;0,000134433532622391;0,984185943397948
4044;YERBA BROCHE DE ORO                 X1KG;188;0,000133722244089998;0,984319665642038
7388;SODA VILLA DE LOS ARROYOS-585-    X1.5LT;188;0,000133722244089998;0,984453387886128
90260;ACTIMEL-566-0% FRUTILLA PACK     6X100GR;188;0,000133722244089998;0,984587110130218
27080;REJILLA TASK (40X45) -300004-       X1UN;188;0,000133722244089998;0,984720832374308
9051;FIDEO LA PROV.C/L X5KG+HAR.BONANZA X1KG;188;0,000133722244089998;0,984854554618398
4001;TE VILLA RICA MANZANILLA    -4702- X25UN;188;0,000133722244089998;0,984988276862488
7328;JUGO ZUKO CERO MANGO                X8GR;188;0,000133722244089998;0,985121999106578
9504;FIDEO MATARAZZO FETTUCCINE-40460- X500GR;187;0,000133010955557604;0,985255010062135
90255;YOGUR SANCOR-6206-ENT.FRUTADO FRUT.X180G;187;0,000133010955557604;0,985388021017693
41503;SHAMPOO SUAVE COCO Y LECHE        X930ML;187;0,000133010955557604;0,985521031973251
41283;ACOND.SUAVE MANZANA VERDE         X930ML;187;0,000133010955557604;0,985654042928808
9377;FIDEO FAVORITA TIRABUZON-49918-   X500GR;186;0,000132299667025211;0,985786342595833
7698;JUGO BAGGIO PERA TETRA BRICK-12594- X1LT;186;0,000132299667025211;0,985918642262859
6066;ATUN NATURAL DESM.CUMANA-30617-X170GR;186;0,000132299667025211;0,986050941929884
14001;POMADA COBRA MARRON                X32GR;185;0,000131588378492817;0,986182530308377
28023;MERMELADA DULCOR NARANJA POTE-803-X500GR;184;0,000130877089960423;0,986313407398337
5000;CACAO TODDY MAS                   X180GR;184;0,000130877089960423;0,986444284488297
77246;VINO VIÐAS DE ALVEAR TINTO -113- X1.25CC;183;0,00013016580142803;0,986574450289725
1043;GALLETA TRIO PEPAS       -0104-   X350GR;183;0,00013016580142803;0,986704616091153
1112;GALLETA ARCOR MANA LIVIANAS VAINI.X145GR;183;0,00013016580142803;0,986834781892581
13249;LIMPIA MR.MUSCULO COC.REP.D.P.-115-X500C;183;0,00013016580142803;0,986964947694009
11142;SALSA ARCOR PIZZA D.PACK- 9567-   X340GR;183;0,00013016580142803;0,987095113495437
93513;MORTADELA LA PIAMONTESA GIGANTE-1103-XKG;183;0,000130158688542706;0,98722527218398
93064;FIAMBRE COCIDO PALETA D/CERDO LARIO- XKG;182;0,00012949719020758;0,987354769374188
21058;SAL DOS ANCLAS FINA ESTUCHE       X500GR;182;0,000129454512895636;0,987484223887083
13871;AUTOB.CERAMICOL INCOLORO DP-190-  X450ML;181;0,000128743224363243;0,987612967111447
17454;PAÐAL HUGGIES CLASSIC MEDIANO-97440-X10U;181;0,000128743224363243;0,98774171033581
13059;LUSTRAMUEBLE BLEM LAV.AER-331-    X360CC;181;0,000128743224363243;0,987870453560173
77005;JUGO MOCORETA NARANJA     -10511- X500CC;181;0,000128743224363243;0,987999196784537
9248;FIDEO LA PROVIDENCIA MOÐO -         X5KG;181;0,000128743224363243;0,9881279400089
31699;CREMA DENTAL COLGATE TOT/12-11113-X180GR;181;0,000128743224363243;0,988256683233263
90324;POSTRE DANONINO-827-FRUTILLA BEB.4X100GR;180;0,000128031935830849;0,988384715169094
13537;DESOD.AMB.POETT DEJAVU            X360CC;180;0,000128031935830849;0,988512747104925
11040;EXTRACTO TOMATE ALCO              X145GR;179;0,000127320647298455;0,988640067752223
9747;FIDEO LUCCHETTI BUCATINI-30924-   X500GR;178;0,000126609358766062;0,988766677110989
27054;SECADOR DE GOMA SACCHI (50 CM)      X1UN;178;0,000126609358766062;0,988893286469755
6021;CABALLA ACEITE JANDAIA-31813-     X425GR;178;0,000126609358766062;0,989019895828522
31155;DESOD.AXE MUSK-212145-            X113GR;178;0,000126609358766062;0,989146505187288
21022;PROVENZAL LA CAMPIÐA -11311-      X500GR;178;0,000126609358766062;0,989273114546054
13244;DETERGENTE BORA CONCENTR. -108039-X150ML;177;0,000125898070233668;0,989399012616287
13053;LUSTRAMUEBLE BRISHINE LIQUIDO-005-X250CC;177;0,000125898070233668;0,989524910686521
16134;POSTRE GODET VAINILLA-1001201-    X140GR;177;0,000125898070233668;0,989650808756755
17712;PROTECTOR CAREFREE ORIGINAL S/P-   X20UN;177;0,000125898070233668;0,989776706826988
90422;MARGARINA DANICA SOFT LIG.PAN-880-X200GR;177;0,000125898070233668;0,989902604897222
9185;FIDEO LA PROVIDENCIA TIRABUZON-     X5KG;177;0,000125898070233668;0,990028502967456
41208;SHAMPOO SUAVE FRUTOS ROJOS        X930ML;176;0,000125186781701275;0,990153689749157
90302;VIDACOL-166-FRUTILLA PACK         4X80GR;176;0,000125186781701275;0,990278876530858
32044;LECHE POLVO NIDO+NUTRICION S.PACK-X400GR;175;0,000124475493168881;0,990403352024027
17421;PAÐAL BABYSEC ULTRA MP GDE -4107-  X16UN;175;0,000124475493168881;0,990527827517196
9754;FIDEO LUCCHETTI MOSTACHOLI-30716- X500GR;175;0,000124475493168881;0,990652303010365
13106;ADITIVO AYUDIN ROPA COLOR C/V.      X1LT;175;0,000124475493168881;0,990776778503534
28240;MERMELADA NOEL LIGHT CIRUELA FCO- X390GR;174;0,000123764204636487;0,99090054270817
25200;MAYONESA FANACOA DOY PACK-946008- X950GR;174;0,000123764204636487;0,991024306912807
13592;POLVO LIMP.ODEX BICAR.Y CIT.-1104-X400GR;173;0,000123052916104094;0,991147359828911
31294;CREMA HINDS ROSADA-61032-         X150GR;173;0,000123052916104094;0,991270412745015
41373;SHAMPOO SEDAL SOS CERAMIDAS-      X300ML;173;0,000123052916104094;0,991393465661119
92213;SALCHICHA VIENA 66 PROMOCION -      X6UN;173;0,000123052916104094;0,991516518577223
18059;VELAS GOLONDRINA         -94342-  X120GR;172;0,0001223416275717;0,991638860204794
1007;GALLETA LIA VOCACION ACARAM.-1779-X150GR;171;0,000121630339039307;0,991760490543834
90410;MARGARINA DANICA +LECHE PAN -870- X200GR;171;0,000121630339039307;0,991882120882873
90526;POSTRE DANONINO-430-BEB.MAXI-FRUT.X185GR;171;0,000121630339039307;0,992003751221912
41334;ACOND.PLUSBELLE BAMBU/ALOE C/AMINOB-X1LT;171;0,000121630339039307;0,992125381560952
77140;VINO VIÐAS DE ALVEAR TINTO -111-  X700CC;171;0,000121630339039307;0,992247011899991
7061;VINO MICHEL TORINO BORGOÐA-42519-X1.25CC;170;0,000120919050506913;0,992367930950498
90242;YOGUR CERROS TUCUMANOS BEB.FRUT. -  X1LT;170;0,000120919050506913;0,992488850001005
20021;JABON PAN ALA (ESPUMA) PROMO-     X200GR;170;0,000120919050506913;0,992609769051512
32074;LECHE SANCOR BEBE 2 -3790- UAT    X250CC;170;0,000120919050506913;0,992730688102019
3028;AVENA SAN CAYETANO                X400GR;169;0,000120207761974519;0,992850895863993
28155;MERMELADA NOEL DAMASCO FCO-5166-  X454GR;168;0,000119496473442126;0,992970392337435
90427;LECHE SANCOR UP C/CAL/VIT.SAC-3228- X1LT;168;0,000119496473442126;0,993089888810878
20272;jabon polvo drive bai/lluv.mat.   x400gr;168;0,000119496473442126;0,99320938528432
13575;PASTILLA P/INOD.HARPIC RTO.MIXTO-102-X1U;168;0,000119496473442126;0,993328881757762
17422;paÐal babysec ultra mp xgde        x14un;166;0,000118073896377339;0,993446955654139
77445;AMARGO TERMA SERRANO PET-10060- X1.250CC;166;0,000118073896377339;0,993565029550516
31856;ANTIT.DOVE DURAZNO ROLL-ON-943217- X50ML;166;0,000118073896377339;0,993683103446894
18027;FOSFOROS TRES PATITOS ECOLOGICO-  X400UN;166;0,000118073896377339;0,993801177343271
7987;JUGO YUPI NAR/BAN.SOBRE RINDE 2L - X20GR;165;0,000117362607844945;0,993918539951116
25027;MOSTAZA DANICA ORIG.DOY PACK-201- X220GR;165;0,000117362607844945;0,994035902558961
41048;SHAMPOO SEDAL LISO PERFECTO       X200ML;164;0,000116651319312551;0,994152553878273
20148;JABON POLVO ACE NAT.AL/MAN.BE-9310-X400G;164;0,000116651319312551;0,994269205197586
20503;JABON POLVO DRIVE BR.TARDE REG.   X800GR;163;0,000115940030780158;0,994385145228366
95020;TALLARIN LA TUCUMANITA HUEVO-VERD.X500GR;163;0,000115940030780158;0,994501085259146
41486;SHAMPOO PLUSBELLE GUAR/MORA C/AMINOB-X1L;162;0,000115228742247764;0,994616314001394
20540;JABON TOC.REXONA-30537-AQUA/FRESH 3X125G;162;0,000115228742247764;0,994731542743642
3092;MAIZ PISINGALLO JOSE LOPEZ        X500GR;160;0,000113806165182977;0,994845348908825
90234;VIDACOL-166-MULTIFRUTA PACK       4X80GR;160;0,000113806165182977;0,994959155074008
41056;SHAMPOO SEDAL CLIMA RESIST        X200ML;160;0,000113806165182977;0,995072961239191
9434;FIDEO MATARAZZO MOST.RAYADO-49657-X500GR;160;0,000113806165182977;0,995186767404374
29047;caldo knorr verdura rec.colec-0822- x6un;160;0,000113806165182977;0,995300573569557
41934;CEPILLO DENT.COLG.EX.CLEAN 2X1-63042-XUN;159;0,000113094876650583;0,995413668446207
17395;PAÐAL BABYSEC ULT.TRI/XGDE         X24UN;158;0,00011238358811819;0,995526052034326
90278;CREMA LECHE SANCOR C/VIT.DYE-3306-X200GR;158;0,00011238358811819;0,995638435622444
1248;GALLETA ARCOR MANA LECHE-7202-    X145GR;158;0,00011238358811819;0,995750819210562
27689;trapo piso ranchera gris -421-      x1un;157;0,000111672299585796;0,995862491510148
13800;DETERGENTE BORA MAGIC PLUS NARANJA-X600C;157;0,000111672299585796;0,995974163809733
13729;LIMP.LIQ.JARDIN ANTIB.MARINA CRIST-X900C;157;0,000111672299585796;0,996085836109319
7114;LICOR 3 PLUMAS CAFE COÐAC PETACA  X200CC;157;0,000111672299585796;0,996197508408905
13860;DESINFECT.LYSOFORM AIR CITRICA    X327CC;157;0,000111672299585796;0,996309180708491
20487;JABON POLVO ALA REG.SOL MULTIACC. X800GR;156;0,000110961011053402;0,996420141719544
6052;ATUN NATURAL DESMENUZADO CARACAS- X170GR;156;0,000110961011053402;0,996531102730598
24173;PREMEZCLA P/PIZZA BLANCAFLOR      X500GR;156;0,000110961011053402;0,996642063741651
20189;JABON POLVO ACE ROS/JAZ.B/E C/SUAV.X400G;156;0,000110961011053402;0,996753024752704
13225;DESOD.AMB.POETT BOSQUE/BAMBU      X360CC;155;0,000110249722521009;0,996863274475225
41183;ACOND.SUAVE FRUTOS ROJOS          X930ML;155;0,000110249722521009;0,996973524197747
1106;GALLETA FRUTIGRAN SEMIL.CHIA&LINO X240GR;155;0,000110249722521009;0,997083773920268
41266;ACOND.SEDAL CLIMA RESIST          X200ML;155;0,000110249722521009;0,997194023642789
16107;POSTRE EXQUISITA VAINILLA-40853-  X120GR;155;0,000110249722521009;0,99730427336531
90300;LECHE SANCOR BIO ENT.FRUT-6826-   4X95GR;155;0,000110249722521009;0,997414523087831
90308;GELATINA SHIMY -4033-MANZANA      X110GR;155;0,000110249722521009;0,997524772810352
93007;MORTADELA CAÐON 808 -1104-           XKG;155;0,000110192819438417;0,99763496562979
17681;PAPEL HIG.CAMPANITA TEXTUR.30MT.147-X6UN;154;0,000109538433988615;0,997744504063779
1185;GALLETA ARCOR HOGAREÐA SALV.-6691-X200GR;154;0,000109538433988615;0,997854042497768
1349;GALLETA LA BIZANTINA DE ARROZ -47-X100GR;154;0,000109538433988615;0,997963580931756
6016;CABALLA NATURAL MARBELLA          X425GR;153;0,000108827145456222;0,998072408077212
4232;CAFE DOLCA SUAVE FRASCO RENOV.     X50GR;152;0,000108115856923828;0,998180523934136
20499;JABON POLVO DRIVE FRESC.MAR MATIC X400GR;152;0,000108115856923828;0,99828863979106
90380;YOGUR YOGURISMO-12- FIRME VAINILLA X190G;152;0,000108115856923828;0,998396755647984
9283;FIDEO LA TERESINA TALLARIN -      X500GR;152;0,000108115856923828;0,998504871504908
7271;JUGO BAGGIO NARANJA T.BRIK-12592-   X1LT;152;0,000108115856923828;0,998612987361832
20504;JABON POLVO DRIVE DISF.ATARD.REG. X800GR;152;0,000108115856923828;0,998721103218755
3375;FECULA MAIZENA ESTUCHE            X500GR;151;0,000107404568391434;0,998828507787147
90088;YOGUR SANCOR-6406-BEB.FORT.VAINILLA X1KG;151;0,000107404568391434;0,998935912355538
1850;GALLETA FRUTIGRAN SALV.DULCE      X250GR;150;0,000106693279859041;0,999042605635397
13101;ADITIVO AYUDIN ROPA BCA.D.P.      X500CC;150;0,000106693279859041;0,999149298915256
90190;LECHE CHOCOLATADA CINDOR-892-EX.SAB.X1LT;150;0,000106693279859041;0,999255992195115
90437;MARGARINA DANICA SOFT LIG.POTE-881-X200G;150;0,000106693279859041;0,999362685474974
90430;YOGUR MANFREY-60108-CON CEREAL    X163GR;150;0,000106693279859041;0,999469378754833
20428;JABON POLVO ACE REGULAR BOLSA     X800GR;150;0,000106693279859041;0,999576072034692
13704;DETERGENTE ALA C/GLICERINA-191920-X1.25L;149;0,000105981991326647;0,999682054026019
9204;ARROZ CONDOR LARGO FINO-40891-    X500GR;149;0,000105981991326647;0,999788036017346
17245;PAÐAL BABYSEC ULTRA HIPER MED-4146-X72UN;149;0,000105981991326647;0,999894018008672
41396;QUITAESMALTE ALGABO HUMECTANTE     X60CC;149;0,000105981991326647;0,999999999999999